clade	gene	site	alt
2SEE	capsid	121	A
2SE	capsid	121	A
2CE	capsid	121	A
2AF	capsid	121	A
2AS	capsid	122	A
1KA	capsid	121	V
1KB	capsid	121	V
1KC	capsid	121	V
1NY99	capsid	121	V
1WN02	capsid	121	V
1SW03	capsid	121	V
1RUA	capsid	121	V
1RUB	capsid	121	V
1IT	capsid	121	V
2SEE	prM	73	S
2SE	prM	73	S
2CE	prM	73	S
2AF	prM	73	S
2AS	prM	73	S
1KA	env	156	F
1KB	env	156	F
1KC	env	156	F
1NY99	2K	15	M
1WN02	2K	15	M
1SW03	2K	15	M
1RUA	2K	15	M
1RUB	2K	15	M
1IT	2K	15	M
2SEE	NS5	190	R
2SE	NS5	190	R
2CE	NS5	190	R
2AF	NS2A	98	K
2AS	NS3	334	T
1KA	capsid	114	M
1KB	capsid	114	I
1KC	capsid	114	T
1NY99	env	159	V
1WN02	env	159	A
1SW03	env	159	A
1RUA	NS4B	11	N
1RUB	env	90	Y
1IT	NS4b	249	D
2SEE	NS2B	119	I
2SE	NS2A	192	C
2CE	NS3	261	G
SW03	NS4B	85	T
SW03	NS5	314	R