strain,insertion: 43bp @ ref pos 0,insertion: 1bp @ ref pos 10,insertion: 1bp @ ref pos 19,insertion: 1bp @ ref pos 24,insertion: 1bp @ ref pos 756,insertion: 1bp @ ref pos 762,insertion: 2bp @ ref pos 1741,insertion: 1bp @ ref pos 3734,insertion: 1bp @ ref pos 3755,insertion: 1bp @ ref pos 6318,insertion: 3bp @ ref pos 6991,insertion: 3bp @ ref pos 7223,insertion: 1bp @ ref pos 7656,insertion: 4bp @ ref pos 9437,insertion: 9bp @ ref pos 9948,insertion: 1bp @ ref pos 10012,insertion: 1bp @ ref pos 10159,insertion: 1bp @ ref pos 10166,insertion: 1bp @ ref pos 10281,insertion: 37bp @ ref pos 10406,insertion: 1bp @ ref pos 10442,insertion: 1bp @ ref pos 10459,insertion: 1bp @ ref pos 10460,insertion: 1bp @ ref pos 10487,insertion: 21bp @ ref pos 10488,insertion: 1bp @ ref pos 10502,insertion: 1bp @ ref pos 10664,insertion: 1bp @ ref pos 10788,insertion: 1bp @ ref pos 10819,insertion: 1bp @ ref pos 10821,insertion: 6bp @ ref pos 10828,insertion: 1bp @ ref pos 10846,insertion: 1bp @ ref pos 10876,insertion: 1bp @ ref pos 10892,insertion: 1bp @ ref pos 10907,insertion: 1bp @ ref pos 10915,insertion: 1bp @ ref pos 10964,insertion: 2bp @ ref pos 11013,insertion: 1bp @ ref pos 11020,insertion: 36bp @ ref pos 11029
HM488194/USA_Illinois/2005/1a/bird,CCTATCCCCTGTGTGCCTTGCCTATCCCCTGTTGCGTGTCTCA,,,,,,,,,,,,,,,,,,,,,,,,,,,,,,,,,,,,,,,
KJ501539/USA_NA/2011/1a/mosquito,A,,,,,,,,,,,,,,,,,,,,,,,,,,,,,,,,,,,,,,,
OP422646/Brazil_unknown/2017/1a/mosquito,TTTCTTAGACATTGAGATCTTCGTGCTAAGA,A,,,,,,,,,,,,,,,,,,,,,,,,,,,,,,,,,,,,,,
KU588135/UnitedArabEmirates_/2015/1a/ungulate,G,,,,,,,,,,,,,,,,,,,,,,,,,,,,,,,,,,,,,,,
LR743445/Germany_Chemnitz/2019/2/bird,G,,,,,,,,,,CGA,,,,,,,,,GCTGTATTGAGTAGTTGTATAGTTGTA,,,T,,,G,,,,,,,,,,,,,,
LR989888/Germany_Berlin/2019/2/bird,G,,,,,,,,,,CGA,,,,,,,,,GCTGTATTGAGTAGTTGTATAGTTGTA,,,T,,,G,,,,,,,,,,,,,A,
LR743421/Germany_Dresden/2019/2/bird,G,,,,,,,,,,CGA,,,,,,,,,GCTGTATTGAGTAGTTGTATAGTTGTA,,,T,,,G,,,,,,,,,,,,,,
LR743434/Germany_Poing/2018/2/bird,G,,,,,,,,,,CGA,,,,,,,,,GCTGTATTGAGTAGTTGTATAGTTGTA,,,T,,,G,,,,,,,,,,,,,A,TCTTTCCCCGCTGATTCCGCCAAGCCC
MH924836/Germany_/2018/2/bird,GG,,,,,,,,,,CGA,,,,,,,,,GCTGTATTGAGTAGTTGTATAGTTGTA,,,T,,,G,,,,,,,,,,,,,A,TCTTTCCCCGCTGATTCCGCCAAGCCC
LR743424/Germany_Berlin/2019/2/bird,GG,,,,,,,,,,CGA,,,,,,,,,GCTGTATTGAGTAGTTGTATAGTTGTA,,,T,,,G,,,,,,,,,,,,,A,TCTTTCCCCGCTGATTCCGCCAAGCCC
LR743437/Germany_Poing/2018/2/bird,GG,,,,,,,,,,CGA,,,,,,,,,GCTGTATTGAGTAGTTGTATAGTTGTA,,,T,,,G,,,,,,,,,,,,,,
MN794937/Germany_Schonebeck/2019/2/bird,CCACG,,,,,,,,,,CGA,,,,,,,,,GCTGTATTGAGTAGTTGTATAGTTGTA,,,T,,,G,,,,,,,,,,,,,A,
MN794938/Germany_Jesewitz/2019/2/bird,CCACG,,,,,,,,,,CGA,,,,,,,,,GCTGTATTGAGTAGTTGTATAGTTGTA,,,T,,,G,,,,,,,,,,,,,A,
MN794939/Germany_Hamburg/2019/2/bird,CCACG,,,,,,,,,,CGA,,,,,,,,,GCTGTATTGAGTAGTTGTATAGTTGTA,,,T,,,G,,,,,,,,,,,,,A,
MN619803/Russia_Volgograd/2018/2/mosquito,TGGCGGGCTTTACTATCTTGCTTG,,,,,,,,,,CGA,,,,,,,,,GCTGTGTTGAGTAGTTGTATAGCTGTA,,,T,,,G,,,,,,,,,,,,,,
OL840888/Greece_unknown/2020/2/mosquito,,,C,,,,,,,,CGA,,,,,,,,,GCTGTATTGAGTAGTTGTATAGTTGTA,,,T,,,G,,,,,,,,,,,,,,
JF920759/USA_Connecticut/2009/1a/mosquito,,,,A,,,,,,,,,,,,,,,,,,,,,,,,,,,,,,,,,,,,
MF175845/USA_Texas/2014/1a/mosquito,,,,,C,A,,,,C,,,,,,,,,,,,,,,,,,,,,,,,,,,,,,
MF175830/USA_Texas/2014/1a/mosquito,,,,,C,A,,,,C,,,T,,,,,,,,,,,,,,,,,,,,,,,,,,,
MF175836/USA_Texas/2015/1a/mosquito,,,,,C,A,,,,C,,,T,,,,,,,,,,,,,,,,,,,,,,,,,,,
MF175842/USA_Texas/2014/1a/mosquito,,,,,C,A,,,,C,,,,,,,,,,,,,,,,,,,,,,,,,,,,,,
MF175849/USA_Texas/2015/1a/mosquito,,,,,C,A,,,,C,,,,,,,,,,,,,,,,,,,,,,,,,,,,,,
MF175874/USA_Texas/2015/1a/mosquito,,,,,C,A,,,,C,,,,,,,,,,,,,,,,,,,,,,,,,,,,,,
KC243146/Kenya_/2010/1a/other,,,,,,,GT,,,,,ACT,,,,,A,C,G,,,,,,,,,,,G,,,,,,,,,,
OP846972/Senegal_unknown/1993/7_koutango/unknown,,,,,,,,G,G,,,,,,,,,,,,,,,,,,,,,,,,,,,,,,,
MF175847/USA_Texas/2015/1a/mosquito,,,,,,,,,,C,,,T,,,,,,,,,,,,,,,,,,,,,,,,,,,
OP734238/Italy_EmiliaRomagna/2022/2/bird,,,,,,,,,,,CGA,,,,,,,,,GCTGTATTGAGTAG,,,T,,,G,,,,,,,,,,,,,,
OP734242/Italy_EmiliaRomagna/2022/2/bird,,,,,,,,,,,CGA,,,,,,,,,GCTGTATTGAGTAG,,,T,,,G,,,,,,,,,,,,,,
OP734243/Italy_EmiliaRomagna/2022/2/mosquito,,,,,,,,,,,CGA,,,,,,,,,GCTGTATTGAGTAG,,,T,,,G,,,,,,,,,,,,,,
ON813231/Italy_EmiliaRomagnaregion/2021/2/bird,,,,,,,,,,,CGA,,,,,,,,,GCTGTATTGAGTAG,,,T,,,G,,,,,,,,,,,,,,
OP734239/Italy_EmiliaRomagna/2022/2/bird,,,,,,,,,,,CGA,,,,,,,,,GCTGTATTGAGTAGTTGCATAGTTGTA,,,T,,,G,,,,,,,,,,,,,,
OP734240/Italy_Piemonte/2022/2/mosquito,,,,,,,,,,,CGA,,,,,,,,,GCTGTATTGAGTAGTTGTATAGTTGTA,,,T,,,G,,,,,,,,,,,,,,
OP734241/Italy_Piemonte/2022/2/mosquito,,,,,,,,,,,CGA,,,,,,,,,GCTGTATTGAGTAGTTGTATAGTTGTA,,,T,,,G,,,,,,,,,,,,,,
MW862108/Italy_/2020/2/bird,,,,,,,,,,,CGA,,,,,,,,,,,,,,,,,,,,,,,,,,,,,
ON813230/Italy_EmiliaRomagnaregion/2021/2/bird,,,,,,,,,,,CGA,,,,,,,,,GCTGTATTGAGTAGTTGTATAGTTGTA,,,T,,,G,,,,,,,,,,,,,,
ON032495/Italy_EmiliaRomagnaregion/2021/2/bird,,,,,,,,,,,CGA,,,,,,,,,GCTGTATTGAGTAGTTGTATAGTTGTA,,,T,,,G,,,,,,,,,,,,,,
MW862075/Italy_/2015/2/bird,,,,,,,,,,,CGA,,,,,,,,,,,,,,,,,,,,,,,,,,,,,
MW862076/Italy_/2015/2/bird,,,,,,,,,,,CGA,,,,,,,,,,,,,,,,,,,,,,,,,,,,,
MW862077/Italy_/2015/2/bird,,,,,,,,,,,CGA,,,,,,,,,,,,,,,,,,,,,,,,,,,,,
MW862080/Italy_/2015/2/bird,,,,,,,,,,,CGA,,,,,,,,,,,,,,,,,,,,,,,,,,,,,
MW862079/Italy_/2015/2/mosquito,,,,,,,,,,,CGA,,,,,,,,,,,,,,,,,,,,,,,,,,,,,
MW862078/Italy_/2015/2/bird,,,,,,,,,,,CGA,,,,,,,,,,,,,,,,,,,,,,,,,,,,,
MW862082/Italy_/2015/2/bird,,,,,,,,,,,CGA,,,,,,,,,,,,,,,,,,,,,,,,,,,,,
MW862089/Italy_/2017/2/bird,,,,,,,,,,,CGA,,,,,,,,,,,,,,,,,,,,,,,,,,,,,
MW862096/Italy_/2018/2/bird,,,,,,,,,,,CGA,,,,,,,,,,,,,,,,,,,,,,,,,,,,,
MW862103/Italy_/2019/2/bird,,,,,,,,,,,CGA,,,,,,,,,,,,,,,,,,,,,,,,,,,,,
MW862104/Italy_/2019/2/bird,,,,,,,,,,,CGA,,,,,,,,,,,,,,,,,,,,,,,,,,,,,
MW862106/Italy_/2019/2/mosquito,,,,,,,,,,,CGA,,,,,,,,,,,,,,,,,,,,,,,,,,,,,
MW862107/Italy_/2019/2/bird,,,,,,,,,,,CGA,,,,,,,,,,,,,,,,,,,,,,,,,,,,,
KF823806/Italy_Mantova/2013/2/human,,,,,,,,,,,CGA,,,,,,,,,GCTGTATTGAGTAGTTGTATAGTTGTA,,,T,,,G,,,,,,,,,,,,,,
MT863560/France_/2018/2/bird,,,,,,,,,,,CGA,,,,,,,,,GCTGTATTGAGTAGTTGTATAGTTGTA,,,T,,,G,,,,,,,,,,,,,,
KU573080/Italy_/2013/2/mosquito,,,,,,,,,,,CGA,,,,,,,,,GCTGTATTGAGTAGTTGTATAGTTGTA,,,T,,,G,,,,,,,,,,,,,,
KU573082/Italy_/2013/2/bird,,,,,,,,,,,CGA,,,,,,,,,GCTGTATTGAGTAGTTGTATAGTTGTA,,,T,,,G,,,,,,,,,,,,,,
KT207792/Italy_/2014/2/mosquito,,,,,,,,,,,CGA,,,,,,,,,GCTGTATTGAGTAGTTGTATAGTTGTA,,,T,,,G,,,,,,,,,,,,,,
KP789954/Italy_Cremona/2014/2/human,,,,,,,,,,,CGA,,,,,,,,,GCTGTATTGAGTAGTTGTATAGTTGTA,,,T,,,G,,,,,,,,,,,,,,
KP789958/Italy_Pavia/2014/2/human,,,,,,,,,,,CGA,,,,,,,,,GCTGTATTGAGTAGTTGTATAGTTGTA,,,T,,,G,,,,,,,,,,,,,,
KU573083/Italy_/2013/2/mosquito,,,,,,,,,,,CGA,,,,,,,,,GCTGTATTGAGTAGTTGTATAGTTGTA,,,T,,,G,,,,,,,,,,,,,,
KP789953/Italy_Pavia/2014/2/human,,,,,,,,,,,CGA,,,,,,,,,GCTGTATTGAGTAGTTGTATAGTTGTA,,,T,,,G,,,,,,,,,,,,,,
KP789955/Italy_Verona/2014/2/human,,,,,,,,,,,CGA,,,,,,,,,GCTGTATTGAGTAGTTGTATAGTTGTA,,,T,,,G,,,,,,,,,,,,,,
KP789957/Italy_Cremona/2014/2/human,,,,,,,,,,,CGA,,,,,,,,,GCTGTATTGAGTAGTTGTATAGTTGTA,,,T,,,G,,,,,,,,,,,,,,
KP789959/Italy_Pavia/2014/2/human,,,,,,,,,,,CGA,,,,,,,,,GTTGTATTGAGTAGTTGTATAGTTGTA,,,T,,,G,,,,,,,,,,,,,,
MN939560/Italy_Vicenza/2016/2/human,,,,,,,,,,,CGA,,,,,,,,,GCTGTATTGAGTAGTTGTATAGTTGTA,,,T,,,G,,,,,,,,,,,,,,
MW862081/Italy_/2015/2/bird,,,,,,,,,,,CGA,,,,,,,,,,,,,,,,,,,,,,,,,,,,,
MW862084/Italy_/2015/2/bird,,,,,,,,,,,CGA,,,,,,,,,,,,,,,,,,,,,,,,,,,,,
MW862085/Italy_/2015/2/bird,,,,,,,,,,,CGA,,,,,,,,,,,,,,,,,,,,,,,,,,,,,
KP789956/Italy_Verona/2014/2/human,,,,,,,,,,,CGA,,,,,,,,,GCTGTATTGAGTAGTTGTATAGTTGTA,,,T,,,G,,,,,,,,,,,,,,
MW862087/Italy_/2017/2/bird,,,,,,,,,,,CGA,,,,,,,,,,,,,,,,,,,,,,,,,,,,,
MW862101/Italy_/2018/2/bird,,,,,,,,,,,CGA,,,,,,,,,,,,,,,,,,,,,,,,,,,,,
MW862091/Italy_/2018/2/bird,,,,,,,,,,,CGA,,,,,,,,,,,,,,,,,,,,,,,,,,,,,
MW862090/Italy_/2018/2/unknown,,,,,,,,,,,CGA,,,,,,,,,,,,,,,,,,,,,,,,,,,,,
MW862093/Italy_/2018/2/bird,,,,,,,,,,,CGA,,,,,,,,,,,,,,,,,,,,,,,,,,,,,
MW862088/Italy_/2017/2/bird,,,,,,,,,,,CGA,,,,,,,,,,,,,,,,,,,,,,,,,,,,,
MW862092/Italy_/2018/2/unknown,,,,,,,,,,,CGA,,,,,,,,,,,,,,,,,,,,,,,,,,,,,
MN939558/Italy_Rovigo/2016/2/human,,,,,,,,,,,CGA,,,,,,,,,GCTGTATTGAGTAGTTGTATAGTCGTA,,,T,,,G,,,,,,,,,,,,,,
MN939559/Italy_Rovigo/2016/2/human,,,,,,,,,,,CGA,,,,,,,,,GCTGTATTGAGTAGTTGTATAGTCGTA,,,T,,,G,,,,,,,,,,,,,,
MN939563/Italy_Verona/2018/2/human,,,,,,,,,,,CGA,,,,,,,,,GCTGTATTGAGTAGTTGTATAGTTGTA,,,T,,,G,,,,,,,,,,,,,,
MN939564/Italy_Rovigo/2016/2/human,,,,,,,,,,,CGA,,,,,,,,,GCTGTATTGAGTAGTTGTATAGTTGTA,,,T,,,G,,,,,,,,,,,,,,
MN939561/Italy_Venice/2018/2/human,,,,,,,,,,,CGA,,,,,,,,,GCTGTATTGAGTAGTTGTATAGTTGTA,,,T,,,G,,,,,,,,,,,,,,
MH910045/Germany_/2018/2/human,,,,,,,,,,,CGA,,,,,,,,,,,,,,,,,,,,,,,,,,,,,
MN939562/Italy_Treviso/2018/2/human,,,,,,,,,,,CGA,,,,,,,,,GCTGTATTGAGTAGTTGTATAGTTGTA,,,T,,,G,,,,,,,,,,,,,,
MN939557/Italy_Rovigo/2018/2/human,,,,,,,,,,,CGA,,,,,,,,,GCTGTATTGAGTAGTTGTATAGTTGTA,,,T,,,G,,,,,,,,,,,,,,
MW862102/Italy_/2019/2/bird,,,,,,,,,,,CGA,,,,,,,,,,,,,,,,,,,,,,,,,,,,,
MT863561/France_/2018/2/bird,,,,,,,,,,,CGA,,,,,,,,,GCTGTATTGAGTAGTTGTATAGTTGTA,,,T,,,G,,,,,,,,,,,,,,
MW862073/Italy_/2012/2/bird,,,,,,,,,,,CGA,,,,,,,,,,,,,,,,,,,,,,,,,,,,,
MW862074/Italy_/2013/2/bird,,,,,,,,,,,CGA,,,,,,,,,,,,,,,,,,,,,,,,,,,,,
MW862083/Italy_/2015/2/bird,,,,,,,,,,,CGA,,,,,,,,,,,,,,,,,,,,,,,,,,,,,
MW862086/Italy_/2016/2/unknown,,,,,,,,,,,CGA,,,,,,,,,,,,,,,,,,,,,,,,,,,,,
MW862094/Italy_/2018/2/unknown,,,,,,,,,,,CGA,,,,,,,,,,,,,,,,,,,,,,,,,,,,,
MW862099/Italy_/2018/2/bird,,,,,,,,,,,CGA,,,,,,,,,,,,,,,,,,,,,,,,,,,,,
MW862095/Italy_/2018/2/bird,,,,,,,,,,,CGA,,,,,,,,,,,,,,,,,,,,,,,,,,,,,
MW862097/Italy_/2018/2/bird,,,,,,,,,,,CGA,,,,,,,,,,,,,,,,,,,,,,,,,,,,,
MW862100/Italy_/2018/2/bird,,,,,,,,,,,CGA,,,,,,,,,,,,,,,,,,,,,,,,,,,,,
MW862105/Italy_/2019/2/bird,,,,,,,,,,,CGA,,,,,,,,,,,,,,,,,,,,,,,,,,,,,
MW862098/Italy_/2018/2/bird,,,,,,,,,,,CGA,,,,,,,,,,,,,,,,,,,,,,,,,,,,,
KU573081/Italy_/2013/2/bird,,,,,,,,,,,CGA,,,,,,,,,GCTGTATTGAGTAGTTGTATAGTTGTA,,,T,,,G,,,,,,,,,,,,,,
KP789960/Italy_Mantova/2013/2/human,,,,,,,,,,,CGA,,,,,,,,,GCTGTATTGAGTAGTTGTATAGTTGTA,,,T,,,G,,,,,,,,,,,,,,
KF647252/Italy_Rovigo/2013/2/human,,,,,,,,,,,CGA,,,,,,,,,GCTGTATTGAGTAGTTGTATAGTTGTA,,,T,,,G,,,,,,,,,,,,,,
KF588365/Italy_Rovigo/2013/2/human,,,,,,,,,,,CGA,,,,,,,,,GCTGTATTGAGTAGTTGTATAGTTGTA,,,T,,,G,,,,,,,,,,,,,,
KF647251/Italy_Padova/2013/2/human,,,,,,,,,,,CGA,,,,,,,,,GCTGTATTGAGTAGTTGTATAGTTGTA,,,T,,,G,,,,,,,,,,,,,,
KF647249/Italy_Rovigo/2013/2/human,,,,,,,,,,,CGA,,,,,,,,,GCTGTATTGAGTAGTTGTATAGTTGTA,,,T,,,G,,,,,,,,,,,,,,
OM037670/Spain_Lleida/2017/2/bird,,,,,,,,,,,CGA,,,,,,,,,GCTGTATTGAGTAGTTGTATAGTTGTA,,,T,,,G,,,,,,,,,,,,,,
OM037672/Spain_Tarragona/2020/2/bird,,,,,,,,,,,CGA,,,,,,,,,GCTGTATTGAGTAGTTGTATAGTTGTA,,,T,,,G,,,,,,,,,,,,,,
OM037673/Spain_Tarragona/2020/2/bird,,,,,,,,,,,CGA,,,,,,,,,GCTGTATTGAGTAGTTGTATAGTTGTA,,,T,,,G,,,,,,,,,,,,,,
OM037671/Spain_Lleida/2020/2/bird,,,,,,,,,,,CGA,,,,,,,,,GCTGTATTGAGTAGTTGTATAGTTGTA,,,T,,,G,,,,,,,,,,,,,,
ON813233/Italy_Piemonteregion/2022/2/bird,,,,,,,,,,,CGA,,,,,,,,,GCTGTATTGAGTAGTTGTATAGTTGTA,,,T,,,G,,,,,,,,,,,,,,
ON032491/Italy_Lombardiregion/2021/2/bird,,,,,,,,,,,CGA,,,,,,,,,GCTGTATTGAGTAGTTGTATAGTTGTA,,,T,,,G,,,,,,,,,,,,,,
ON032493/Italy_EmiliaRomagnaregion/2021/2/bird,,,,,,,,,,,CGA,,,,,,,,,GCTGTATTGAGTAGTTGTATAGTTGTA,,,T,,,G,,,,,,,,,,,,,,
ON032497/Italy_EmiliaRomagnaregion/2021/2/bird,,,,,,,,,,,CGA,,,,,,,,,GCTGTATTGAGTAGTTGTATAGTTGTA,,,T,,,G,,,,,,,,,,,,,,
ON032488/Italy_Piemonteregion/2020/2/bird,,,,,,,,,,,CGA,,,,,,,,,GCTGTATTGAGTAGTTGTATAGTTGTA,,,T,,,G,,,,,,,,,,,,,,
ON032489/Italy_Piemonteregion/2020/2/bird,,,,,,,,,,,CGA,,,,,,,,,GCTGTATTGAGTAGTTGTATAGTTGTA,,,T,,,G,,,,,,,,,,,,,,
ON032490/Italy_Piemonteregion/2021/2/bird,,,,,,,,,,,CGA,,,,,,,,,GCTGTATTGAGTAGTTGTATAGTTGTA,,,T,,,G,,,,,,,,,,,,,,
ON032492/Italy_EmiliaRomagnaregion/2021/2/bird,,,,,,,,,,,CGA,,,,,,,,,GCTGTATTGAGTAGTTGTATAGTTGTA,,,T,,,G,,,,,,,,,,,,,,
ON813232/Italy_Sardiniaregion/2021/2/bird,,,,,,,,,,,CGA,,,,,,,,,GCTGTATTGAGTAGTTGTATAGTTGTA,,,T,,,G,,,,,,,,,,,,,,
ON032494/Italy_Sardegnaregion/2021/2/bird,,,,,,,,,,,CGA,,,,,,,,,GCTGTATTGAGTAGTTGTATAGTTGTA,,,T,,,G,,,,,,,,,,,,,,
OP734244/Italy_Veneto/2022/2/bird,,,,,,,,,,,CGA,,,,,,,,,GCTGTATTGAGTAGTTGTATAGTTGTA,,,T,,,G,,,,,,,,,,,,,,
OP009516/Italy_Verona/2021/2/mosquito,,,,,,,,,,,CGA,,,,,,,,,GCTGTATTGAGTAGTTGTATAGTTGTA,,,T,,,G,,,,,,,,,,,,,,
OP009517/Italy_Treviso/2021/2/mosquito,,,,,,,,,,,CGA,,,,,,,,,GCTGTATTGAGTAGTTGTATAGTTGTA,,,T,,,G,,,,,,,,,,,,,,
OQ326499/Germany_unknown/2021/2/unknown,,,,,,,,,,,CGA,,,,,,,,,,,,,,,,,,,,,,,,,,,,,
MZ964752/Germany_/2021/2/human,,,,,,,,,,,CGA,,,,,,,,,,,,,,,,,,,,,,,,,,,,,
MZ964753/Germany_/2021/2/human,,,,,,,,,,,CGA,,,,,,,,,,,,,,,,,,,,,,,,,,,,,
MH986056/Germany_Rostock/2018/2/bird,,,,,,,,,,,CGA,,,,,,,,,GCTGTATTGAGTAGTTGTATAGTTGTA,,,T,,,G,,,,,,,,,,,,,A,
MW142223/Germany_Leipzig/2020/2/human,,,,,,,,,,,CGA,,,,,,,,,GCTGTATTGAGTAGTTGTATAGTTGTA,,,T,,,G,,,,,,,,,,,,,,
MW142227/Germany_Leipzig/2020/2/human,,,,,,,,,,,CGA,,,,,,,,,GCTGTATTGAGTAGTTGAATAGTTGTA,,,T,,,G,,,,,,,,,,,,,,
MW142224/Germany_Leipzig/2020/2/human,,,,,,,,,,,CGA,,,,,,,,,GCTGTATTGAGTAGTTGTATAGTTGTA,,,T,,,G,,,,,,,,,,,,,,
MW142226/Germany_Leipzig/2020/2/human,,,,,,,,,,,CGA,,,,,,,,,GCTGTATTGAGTAGTTGTATAGTTGTA,,,T,,,G,,,,,,,,,,,,,,
MW142225/Germany_Leipzig/2020/2/human,,,,,,,,,,,CGA,,,,,,,,,GCTGTATTGAGTAGTTGTATAGTTGTA,,,T,,,,,,,,,,,,,,,,,
LR743453/Germany_Krostitz/2019/2/ungulate,,,,,,,,,,,CGA,,,,,,,,,GCTGTATTGAGTAGTTGTATAGTTGTA,,,T,,,G,,,,,,,,,,,,,,
OX451204/Germany_unknown/2020/2/bird,,,,,,,,,,,CGA,,,,,,,,,GCTGTATTGAGTAGTTGTATAGTTGTA,,,T,,,G,,,,,,,,,,,,,,
OX442287/Germany_unknown/2020/2/unknown,,,,,,,,,,,CGA,,,,,,,,,GCTGTATTGAGTAGTTGTATAGTTGTA,,,T,,,G,,,,,,,,,,,,,,
OX442271/Germany_unknown/2020/2/bird,,,,,,,,,,,CGA,,,,,,,,,GCTGTATTGAGTAGTTGTATAGTTGTA,,,T,,,G,,,,,,,,,,,,,,
OX442276/Germany_unknown/2020/2/unknown,,,,,,,,,,,CGA,,,,,,,,,GCTGTATTGAGTAGTTGTATAGTTGTA,,,T,,,G,,,,,,,,,,,,,,
OX442274/Germany_unknown/2020/2/unknown,,,,,,,,,,,CGA,,,,,,,,,GCTGTATTGAGTAGTTGTATAGTTGTA,,,T,,,G,,,,,,,,,,,,,,
OX442303/Germany_unknown/2020/2/unknown,,,,,,,,,,,CGA,,,,,,,,,GCTGTATTGAGTAGTTGTATAGTTGTA,,,T,,,G,,,,,,,,,,,,,,
OX442275/Germany_unknown/2020/2/unknown,,,,,,,,,,,CGA,,,,,,,,,GCTGTATTGAGTAGTTGTATAGTTGTA,,,T,,,G,,,,,,,,,,,,,,
OX442277/Germany_unknown/2020/2/bird,,,,,,,,,,,CGA,,,,,,,,,GCTGTATTGAGTAGTTGTATAGTTGTA,,,T,,,G,,,,,,,,,,,,,,
OX442291/Germany_unknown/2020/2/bird,,,,,,,,,,,CGA,,,,,,,,,GCTGTATTGAGTAGTTGTATAGTTGTA,,,T,,,G,,,,,,,,,,,,,,
OX442295/Germany_unknown/2020/2/bird,,,,,,,,,,,CGA,,,,,,,,,GCTGTATTGAGTAGTTGTATAGTTGTA,,,T,,,G,,,,,,,,,,,,,,
OX442284/Germany_unknown/2020/2/bird,,,,,,,,,,,CGA,,,,,,,,,GCTGTATTGAGTAGTTGTATAGTTGTA,,,T,,,G,,,,,,,,,,,,,,
OX442308/Germany_unknown/2020/2/unknown,,,,,,,,,,,CGA,,,,,,,,,GCTGTATTGAGTAGTTGTATAGTTGTA,,,T,,,G,,,,,,,,,,,,,,
OX442304/Germany_unknown/2020/2/bird,,,,,,,,,,,CGA,,,,,,,,,GCTGTATTGAGTAGTTGTATAGTTGTA,,,T,,,G,,,,,,,,,,,,,,
OX442278/Germany_unknown/2020/2/unknown,,,,,,,,,,,CGA,,,,,,,,,GCTGTATTGAGTAGTTGTATAGTTGTA,,,T,,,G,,,,,,,,,,,,,,
OX442281/Germany_unknown/2020/2/unknown,,,,,,,,,,,CGA,,,,,,,,,GCTGTATTGAGTAGTTGTATAGTTGTA,,,T,,,G,,,,,,,,,,,,,,
OX442280/Germany_unknown/2020/2/unknown,,,,,,,,,,,CGA,,,,,,,,,GCTGTATTGAGTAGTTGTATAGTTGTA,,,T,,,G,,,,,,,,,,,,,,
OX442298/Germany_unknown/2020/2/bird,,,,,,,,,,,CGA,,,,,,,,,GCTGTATTGAGTAGTTGTATAGTTGTA,,,T,,,G,,,,,,,,,,,,,,
OX442282/Germany_unknown/2020/2/bird,,,,,,,,,,,CGA,,,,,,,,,GCTGTATTGAGTAGTTGTATAGTTGTA,,,T,,,G,,,,,,,,,,,,,,
OX442293/Germany_unknown/2020/2/bird,,,,,,,,,,,CGA,,,,,,,,,GCTGTATTGAGTAGTTGTATAGTTGTA,,,T,,,G,,,,,,,,,,,,,,
OX442297/Germany_unknown/2019/2/bird,,,,,,,,,,,CGA,,,,,,,,,GCTGTATTGAGTAGTTGTATAGTTGTA,,,T,,,G,,,,,,,,,,,,,,
OX442294/Germany_unknown/2020/2/bird,,,,,,,,,,,CGA,,,,,,,,,GCTGTATTGAGTAGTTGTATAGTTGTA,,,T,,,G,,,,,,,,,,,,,,
OX442302/Germany_unknown/2020/2/bird,,,,,,,,,,,CGA,,,,,,,,,GCTGTATTGAGTAGTTGTATAGTTGTA,,,T,,,G,,,,,,,,,,,,,,
OX442312/Germany_unknown/2020/2/bird,,,,,,,,,,,CGA,,,,,,,,,GCTGTATTGAGTAGTTGTATAGTTGTA,,,T,,,G,,,,,,,,,,,,,,
OX442347/Germany_unknown/2020/2/bird,,,,,,,,,,,CGA,,,,,,,,,GCTGTATTGAGTAGTTGTATAGTTGTA,,,T,,,G,,,,,,,,,,,,,,
OX442307/Germany_unknown/2020/2/bird,,,,,,,,,,,CGA,,,,,,,,,GCTGTATTGAGTAGTTGTATAGTTGTA,,,T,,,G,,,,,,,,,,,,,,
OX442289/Germany_unknown/2020/2/bird,,,,,,,,,,,CGA,,,,,,,,,GCTGTATTGAGTAGTTGTATAGTTGTA,,,T,,,G,,,,,,,,,,,,,,
OX442292/Germany_unknown/2020/2/bird,,,,,,,,,,,CGA,,,,,,,,,GCTGTATTGAGTAGTTGTATAGTTGTA,,,T,,,G,,,,,,,,,,,,,,
OX442283/Germany_unknown/2020/2/bird,,,,,,,,,,,CGA,,,,,,,,,GCTGTATTGAGTAGTTGTATAGTTGTA,,,T,,,G,,,,,,,,,,,,,,
OX442300/Germany_unknown/2020/2/bird,,,,,,,,,,,CGA,,,,,,,,,GCTGTATTGAGTAGTTGTATAGTTGTA,,,T,,,G,,,,,,,,,,,,,,
OX442296/Germany_unknown/2020/2/unknown,,,,,,,,,,,CGA,,,,,,,,,GCTGTATTGAGTAGTTGTATAGTTGTA,,,T,,,G,,,,,,,,,,,,,,
OX442311/Germany_unknown/2020/2/bird,,,,,,,,,,,CGA,,,,,,,,,GCTGTATTGAGTAGTTGTATAGTTGTA,,,T,,,G,,,,,,,,,,,,,,
OX442301/Germany_unknown/2020/2/bird,,,,,,,,,,,CGA,,,,,,,,,GCTGTATTGAGTAGTTGTATAGTTGTA,,,T,,,G,,,,,,,,,,,,,,
OX442288/Germany_unknown/2020/2/unknown,,,,,,,,,,,CGA,,,,,,,,,GCTGTATTGAGTAGTTGTATAGTTGTA,,,T,,,G,,,,,,,,,,,,,,
LR989885/Germany_Berlin/2019/2/bird,,,,,,,,,,,CGA,,,,,,,,,GCTGTATTGAGTAGTTGTATAGTTGTA,,,T,,,G,,,,,,,,,,,,,,
LR743423/Germany_Radebeul/2019/2/bird,,,,,,,,,,,CGA,,,,,,,,,GCTGTATTGAGTAGTTGTATAGTTGTA,,,T,,,G,,,,,,,,,,,,,,
LR743426/Germany_Berlin/2019/2/bird,,,,,,,,,,,CGA,,,,,,,,,GCTGTATTGAGTAGTTGTATAGTTGTA,,,T,,,G,,,,,,,,,,,,,,
LR743432/Germany_Berlin/2019/2/bird,,,,,,,,,,,CGA,,,,,,,,,GCTGTATTGAGTAGTTGTATAGTTGTA,,,T,,,G,,,,,,,,,,,,,,
LR743427/Germany_Berlin/2019/2/bird,,,,,,,,,,,CGA,,,,,,,,,GCTGTATTGAGTAGTTGTATAGTTGTA,,,T,,,G,,,,,,,,,,,,,,
LR743435/Germany_Brieselang/2019/2/bird,,,,,,,,,,,CGA,,,,,,,,,GCTGTATTGAGTAGTTGTATAGTTGTA,,,T,,,G,,,,,,,,,,,,,,
LR743443/Germany_Berlin/2018/2/bird,,,,,,,,,,,CGA,,,,,,,,,GCTGTATTGAGTAGTTGTATAGTTGTA,,,T,,,G,,,,,,,,,,,,,A,TCTTTCCCCGCTGATTCCGCCAAGCCC
LR743458/Germany_Magdeburg/2019/2/bird,,,,,,,,,,,CGA,,,,,,,,,GCTGTATTGAGTAGTTGTATAGTTGTA,,,T,,,G,,,,,,,,,,,,,,
LR743429/Germany_BadLauchstaedt/2018/2/bird,,,,,,,,,,,CGA,,,,,,,,,GCTGTATTGAGTAGTTGTATAGTTGTA,,,T,,,G,,,,,,,,,,,,,,
LR743433/Germany_KleinWeissandt/2018/2/bird,,,,,,,,,,,CGA,,,,,,,,,GCTGTATTGAGTAGTTGTATAGTTGTA,,,T,,,G,,,,,,,,,,,,,A,TCTTTCCCCGCTGATTCTGCCAAGCCC
LR743436/Germany_BadDuben/2018/2/bird,,,,,,,,,,,CGA,,,,,,,,,GCTGTATTGAGTAGTTGTATAGTTGTA,,,T,,,G,,,,,,,,,,,,,A,TCTTTCCCCGCTGATTCTGCCAAGCCC
LR743450/Germany_Leipzig/2019/2/bird,,,,,,,,,,,CGA,,,,,,,,,GCTGTATTGAGTAGTTGTATAGTTGTA,,,T,,,G,,,,,,,,,,,,,,
LR743456/Germany_Rackwitz/2019/2/bird,,,,,,,,,,,CGA,,,,,,,,,GCTGTATTGAGTAGTTGTATAGTTGTA,,,T,,,G,,,,,,,,,,,,,,
LR743452/Germany_Chemnitz/2019/2/bird,,,,,,,,,,,CGA,,,,,,,,,GCTGTATTGAGTAGTTGTATAGTTGTA,,,T,,,G,,,,,,,,,,,,,,
LR743449/Germany_Sandersdorf/2019/2/bird,,,,,,,,,,,CGA,,,,,,,,,GCTGTATTGAGTAGTTGTATAGTTGTA,,,T,,,G,,,,,,,,,,,,,,
LR743446/Germany_Halle/2019/2/bird,,,,,,,,,,,CGA,,,,,,,,,GCTGTATTGAGTAGTTGTATAGTTGTA,,,T,,,G,,,,,,,,,,,,,,
LR743457/Germany_Merseburg/2019/2/bird,,,,,,,,,,,CGA,,,,,,,,,GCTGTATTGAGTAGTTGTATAGTTGTA,,,T,,,G,,,,,,,,,,,,,,
LR743430/Germany_Radebeul/2019/2/bird,,,,,,,,,,,CGA,,,,,,,,,GCTGTATTGAGTAGTTGTATAGTTGTA,,,T,,,G,,,,,,,,,,,,,,
LR743442/Germany_Halle/2019/2/bird,,,,,,,,,,,CGA,,,,,,,,,GCTGTATTGAGTAGTTGTATAGTTGTA,,,T,,,G,,,,,,,,,,,,,A,TCTTTCCCCGCTGATTCCGCCAAGCCC
MH986055/Germany_Berlin/2018/2/bird,,,,,,,,,,,CGA,,,,,,,,,GCTGTATTGAGTAGTTGTATAGTTGTA,,,T,,,G,,,,,,,,,,,,,A,
LR743451/Germany_Magdeburg/2019/2/bird,,,,,,,,,,,CGA,,,,,,,,,GCTGTATTGAGTAGTTGTATAGTTGTA,,,T,,,G,,,,,,,,,,,,,,
OX442285/Germany_unknown/2020/2/bird,,,,,,,,,,,CGA,,,,,,,,,GCTGTATTGAGTAGTTGTATAGTTGTA,,,T,,,G,,,,,,,,,,,,,,
LR743428/Germany_Berlin/2019/2/bird,,,,,,,,,,,CGA,,,,,,,,,GCTGTATTGAGTAGTTGTATAGTTGTA,,,T,,,G,,,,,,,,,,,,,A,TCTTTCCCCGCTGATTCCGCCAAGCCC
LR743447/Germany_Berlin/2019/2/mosquito,,,,,,,,,,,CGA,,,,,,,,,GCTGTATTGAGTAGTTGTATAGTTGTA,,,T,,,G,,,,,,,,,,,,,,
LR743455/Germany_Berlin/2019/2/mosquito,,,,,,,,,,,CGA,,,,,,,,,GCTGTATTGAGTAGTTGTATAGTTGTA,,,T,,,G,,,,,,,,,,,,,,
OX442279/Germany_unknown/2020/2/bird,,,,,,,,,,,CGA,,,,,,,,,GCTGTATTGAGTAGTTGTATAGTTGTA,,,T,,,G,,,,,,,,,,,,,,
OX442309/Germany_unknown/2020/2/bird,,,,,,,,,,,CGA,,,,,,,,,GCTGTATTGAGTAGTTGTATAGTTGTA,,,T,,,G,,,,,,,,,,,,,,
OX442273/Germany_unknown/2020/2/bird,,,,,,,,,,,CGA,,,,,,,,,GCTGTATTGAGTAGTTGTATAGTTGTA,,,T,,,G,,,,,,,,,,,,,,
KM203862/CzechRepublic_Brno/2013/2/mosquito,,,,,,,,,,,CGA,,,,,,,,,GCTGTATTGAGTAGTTGTATAGTTGTA,,,T,,,G,,,,,,,,,,,,,,
MF984347/Austria_Vienna/2016/2/human,,,,,,,,,,,CGA,,,,,,,,,GCTGTATTGAGTAGTTGTATAGTTGTA,,,T,,,G,,,,,,,,,,,,,,
KP109691/Austria_Vienna/2014/2/human,,,,,,,,,,,CGA,,,,,,,,,GCTGTATTGAGTAGTTGTATAGTTGTA,,,T,,,G,,,,,,,,,,,,,,
KM659876/Austria_/2014/2/human,,,,,,,,,,,CGA,,,,,,,,,GCTGTATTGAGTAGTTGTATAGTTGTA,,,T,,,G,,,,,,,,,,,,,,
KM203861/CzechRepublic_Brno/2013/2/mosquito,,,,,,,,,,,CGA,,,,,,,,,GCTGTATTGAGTAGTTGTATAGTTGTA,,,T,,,G,,,,,,,,,,,,,,
OK129334/Hungary_Tisza/2017/2/human,,,,,,,,,,,CGA,,,,,,,,,GCTGTATTGAGTAGTTGTATAGTTGTA,,,T,,,G,,,,,,,,,,,,,,
OK129336/Hungary_Tahitotfalu/2017/2/human,,,,,,,,,,,CGA,,,,,,,,,GCTGTATTGAGTAGTTGTATAGTTGTA,,,T,,,G,,,,,,,,,,,,,,
OK239671/Hungary_Ujtelek/2018/2/human,,,,,,,,,,,CGA,,,,,,,,,GCTGTATTGAGTAGTTGTATAGTTGTA,,,T,,,G,,,,,,,,,,,,,,
OK239668/Hungary_Jaszbereny/2018/2/human,,,,,,,,,,,CGA,,,,,,,,,GCTGTATTGAGTAGTTGTATAGTTGTA,,,T,,,G,,,,,,,,,,,,,,
OK239664/Hungary_Dunaujvaros/2018/2/human,,,,,,,,,,,CGA,,,,,,,,,GCTGTATTGAGTAGTTGTATAGTTGTA,,,T,,,G,,,,,,,,,,,,,,
OK239660/Hungary_Budapest/2018/2/human,,,,,,,,,,,CGA,,,,,,,,,GCTGTATTGAGTAGTTGTATAGTTGTA,,,T,,,G,,,,,,,,,,,,,,
OK129335/Hungary_Martfu/2017/2/human,,,,,,,,,,,CGA,,,,,,,,,GCTGTATTGAGTAGTTGTATAGTTGTA,,,T,,,G,,,,,,,,,,,,,,
MH244510/Slovakia_VelkyBiel/2014/2/bird,,,,,,,,,,,CGA,,,,,,,,,GCTGTATTGAGTTGTTGTATAGTTGTA,,,T,,,G,,,,,,,,,,,,,,
MH244511/Slovakia_VelkyBiel/2013/2/bird,,,,,,,,,,,CGA,,,,,,,,,GCTGTATTGAGTAGTTGTATAGTTGTA,,,T,,,G,,,,,,,,,,,,,,
OX442286/Germany_unknown/2020/2/unknown,,,,,,,,,,,CGA,,,,,,,,,GCTGTATTGAGTAGTTGTATAGTTGTA,,,T,,,G,,,,,,,,,,,,,,
OX442290/Germany_unknown/2020/2/unknown,,,,,,,,,,,CGA,,,,,,,,,GCTGTATTGAGTAGTTGTATAGTTGTA,,,T,,,G,,,,,,,,,,,,,,
OX442299/Germany_unknown/2020/2/unknown,,,,,,,,,,,CGA,,,,,,,,,GCTGTATTGAGTAGTTGTATAGTTGTA,,,T,,,G,,,,,,,,,,,,,,
OX442313/Germany_unknown/2020/2/ungulate,,,,,,,,,,,CGA,,,,,,,,,GCTGCATTGAGTAGTTGTATAGTTGTA,,,T,,,G,,,,,,,,,,,,,,
MN794935/Germany_Leipzig/2019/2/human,,,,,,,,,,,CGA,,,,,,,,,GCTGTATTGAGTAGTTGTATAGTTGTA,,,T,,,G,,,,,,,,,,,,,A,TCTT
OX442306/Germany_unknown/2020/2/bird,,,,,,,,,,,CGA,,,,,,,,,GCTGTATTGAGTAGTTGTATAGTTGTA,,,T,,,G,,,,,,,,,,,,,,
OX442348/Germany_unknown/2020/2/bird,,,,,,,,,,,CGA,,,,,,,,,GCTGTATTGAGTAGTTGTATAGTTGTA,,,T,,,G,,,,,,,,,,,,,,
MF984341/Austria_Vienna/2015/2/human,,,,,,,,,,,CGA,,,,,,,,,GCTGTATTGAGTAGTTGTATAGTTGTA,,,T,,,G,,,,,,,,,,,,,,
MZ964751/Germany_/2021/2/human,,,,,,,,,,,CGA,,,,,,,,,,,,,,,,,,,,,,,,,,,,,
LR743425/Germany_Berlin/2019/2/bird,,,,,,,,,,,CGA,,,,,,,,,GCTGTATTGAATAGTTGTATAGTTGTA,,,T,,,G,,,,,,,,,,,,T,A,TCTTTCCCCGCTGATTCCGCCAAGCCC
LR743444/Germany_Luhterstadt/2019/2/bird,,,,,,,,,,,CGA,,,,,,,,,GCTGTATTGAATAGTTGTATAGTTGTA,,,T,,,G,,,,,,,,,,,,T,A,TCTTTCCCCGCTGATTCCGCCAAGCCC
MZ605382/Hungary_Biharugra/2004/2/bird,,,,,,,,,,,CGA,,,,,,,,,GCTGTATTGAGTAGTTGTATAGTTGTA,,,T,,,G,,,,,,,,,,,,,,
DQ116961/Hungary_Biharugra/2004/2/bird,,,,,,,,,,,CGA,,,,,,,,,GCTGTATTGAGTAGTTGTATAGTTGTA,,,T,,,G,,,,,,,,,,,,,,
KP780837/Austria_/2008/2/bird,,,,,,,,,,,CGA,,,,,,,,,GCTGTATTGAGTAGTTGTATAGTTGTA,,,T,,,G,,,,,,,,,,,,,,
KP780838/Austria_/2009/2/bird,,,,,,,,,,,CGA,,,,,,,,,GCTGTATTGAGTAGTTGTATAGTTGTA,,,T,,,G,,,,,,,,,,,,,,
KF179640/Austria_/2008/2/bird,,,,,,,,,,,CGA,,,,,,,,,GCTGTATTGAGTAGTTGTATAGTTGTA,,,T,,,G,,,,,,,,,,,,,,
MF984344/Austria_Vienna/2015/2/bird,,,,,,,,,,,CGA,,,,,,,,,GCTGTATTGAGTAGTTGTATAGTTGTA,,,T,,,G,,,,,,,,,,,,,,
MF984337/Austria_Vienna/2015/2/human,,,,,,,,,,,CGA,,,,,,,,,GCTGTATTGAGTAGTTGCATAGTTGTA,,,T,,,G,,,,,,,,,,,,,,
MF984342/Austria_Vienna/2015/2/human,,,,,,,,,,,CGA,,,,,,,,,GCTGTATTGAGTAGTTGTATAGTTGTA,,,T,,,G,,,,,,,,,,,,,,
MF984340/Austria_Vienna/2015/2/human,,,,,,,,,,,CGA,,,,,,,,,GCTGTATTGAGTAGTTGTATAGTTGTA,,,T,,,G,,,,,,,,,,,,,,
KP109692/Austria_Vienna/2014/2/mosquito,,,,,,,,,,,CGA,,,,,,,,,GCTGTATTGAGTAGTTGCATAGTTGTA,,,T,,,G,,,,,,,,,,,,,,
MF984346/Austria_Vienna/2016/2/human,,,,,,,,,,,CGA,,,,,,,,,GCTGTATTGAGTAGTTGTATAGTTGTA,,,T,,,G,,,,,,,,,,,,,,
MH244512/Slovakia_VelkyBiel/2013/2/bird,,,,,,,,,,,CGA,,,,,,,,,GCTGTATTGAGTAGTTGTATAGTTGTA,,,T,,,G,,,,,,,,,,,,,,
OX442310/Germany_unknown/2018/2/ungulate,,,,,,,,,,,CGA,,,,,,,,,GCTGTATTGAGTAGTTGTATAGTTGTA,,,T,,,G,,,,,,,,,,,,,,
LR743431/Germany_Kamenz/2019/2/bird,,,,,,,,,,,CGA,,,,,,,,,GCTGTATTGAGTAGTTGTATAGTTGTA,,,T,,,G,,,,,,,,,,,,,,
KM203860/CzechRepublic_Brno/2013/2/mosquito,,,,,,,,,,,CGA,,,,,,,,,GCTGTATTGAGTAGTTGTATAGTTGTA,,,T,,,G,,,,,,,,,,,,,,
KM203863/CzechRepublic_Brno/2013/2/mosquito,,,,,,,,,,,CGA,,,,,,,,,GCTGTATTGAGTAGTTGTATAGTTGTA,,,T,,,G,,,,,,,,,,,,,,
MF984345/Austria_Vienna/2015/2/bird,,,,,,,,,,,CGA,,,,,,,,,GCTGTATTGAGTAGTTGTATAGTTGTA,,,T,,,G,,,,,,,,,,,,,,
MF984349/Austria_Vienna/2016/2/ungulate,,,,,,,,,,,CGA,,,,,,,,,GCTGTATTGAGTAGTTGTATAGTTGTA,,,T,,,G,,,,,,,,,,,,,,
MF984338/Austria_Vienna/2015/2/human,,,,,,,,,,,CGA,,,,,,,,,GCTGTATTGAGTAGTTGTATAGTTGTA,,,T,,,G,,,,,,,,,,,,,,
MF984352/Austria_Vienna/2016/2/mosquito,,,,,,,,,,,CGA,,,,,,,,,GCTGTATTGAGTAGTTGTATAGTTGTA,,,T,,,G,,,,,,,,,,,,,,
MF984343/Austria_Vienna/2015/2/human,,,,,,,,,,,CGA,,,,,,,,,GCTGTATTGAGTAGTTGTATAGTTGTA,,,T,,,G,,,,,,,,,,,,,,
MF984350/Austria_Vienna/2016/2/ungulate,,,,,,,,,,,CGA,,,,,,,,,GTTGTATTGAGTAGTTGTATAGTTGTA,,,T,,,G,,,,,,,,,,,,,,
MF984351/Austria_Vienna/2016/2/mosquito,,,,,,,,,,,CGA,,,,,,,,,GCTGTATTGAGTAGTTGTATAGTTGCA,,,T,,,G,,,,,,,,,,,,,,
OP762592/Netherlands_ProvinceofUtrecht/2020/2/unknown,,,,,,,,,,,CGA,,,,,,,,,GCTGTATTGAGTAGTTGTATAGTTGTA,,,T,,,A,,,,,,,,,,,,,,
OP762593/Netherlands_ProvinceofUtrecht/2020/2/mosquito,,,,,,,,,,,CGA,,,,,,,,,GCTGTATTGAGTAGTTGTATAGTTGTA,,,T,,,A,,,,,,,,,,,,,,
OP762594/Netherlands_ProvinceofUtrecht/2020/2/unknown,,,,,,,,,,,CGA,,,,,,,,,GCTGTATTGAGTAGTTGTATAGTTGTA,,,T,,,A,,,,,,,,,,,,,,
OP762595/Netherlands_ProvinceofUtrecht/2020/2/unknown,,,,,,,,,,,CGA,,,,,,,,,GCTGTATTGAGTAGTTGTATAGTTGTA,,,T,,,A,,,,,,,,,,,,,,
MZ268007/Netherlands_unknown/2020/2/mosquito,,,,,,,,,,,CGA,,,,,,,,,GCTGTATTGAGTAGTTGTATAGTTGTA,,,T,,,A,,,,,,,,,,,,,,
MW036633/Netherlands_/2020/2/mosquito,,,,,,,,,,,CGA,,,,,,,,,GCTGTATTGAGTAGTTGTATAGTTGTA,,,T,,,A,,,,,,,,,,,,,,
MW036634/Netherlands_/2020/2/mosquito,,,,,,,,,,,CGA,,,,,,,,,GCTGTATTGAGTAGTTGTATAGTTGTA,,,T,,,A,,,,,,,,,,,,,,
OP762597/Netherlands_ProvinceofUtrecht/2020/2/bird,,,,,,,,,,,CGA,,,,,,,,,GCTGTATTGAGTAGTTGTATAGTTGTA,,,T,,,A,,,,,,,,,,,,,,
ON755223/Netherlands_ProvinceofUtrecht/2020/2/bird,,,,,,,,,,,CGA,,,,,,,,,GCTGTATTGAGTAGTTGTATAGTTGTA,,,T,,,A,,,,,,,,,,,,,,
OP762596/Netherlands_ProvinceofUtrecht/2020/2/bird,,,,,,,,,,,CGA,,,,,,,,,GCTGTATTGAGTAGTTGTATAGTTGTA,,,T,,,A,,,,,,,,,,,,,,
LR743448/Germany_Cottbus/2019/2/bird,,,,,,,,,,,CGA,,,,,,,,,GCTGTATTGAGTAGTTGTATAGTTGTA,,,T,,,G,,,,,,,,,,,,,,
MK947396/Slovenia_GornjaRadgona/2018/2/mosquito,,,,,,,,,,,CGA,,,,,,,,,,,,,,,,,,,,,,,,,,,,,
MF984339/Austria_Vienna/2015/2/human,,,,,,,,,,,CGA,,,,,,,,,GCTGTATTGAGTAGTTGTATAGTTGTA,,,T,,,G,,,,,,,,,,,,,,
OK129333/Hungary_Szentmartonkata/2017/2/human,,,,,,,,,,,CGA,,,,,,,,,GCTGTATTGAGTAGCTGTATAGTTGTG,,,T,,,G,,,,,,,,,,,,,,
MH244513/Slovakia_Secovce/2013/2/bird,,,,,,,,,,,CGA,,,,,,,,,GCTGTATTGAGTAGTTGTATAGTTGTG,,,T,,,G,,,,,,,,,,,,,,
MF984348/Austria_Vienna/2016/2/human,,,,,,,,,,,CGA,,,,,,,,,GCTGTATTGAGTAGTTGTATAGTTGTA,,,T,,,G,,,,,,,,,,,,,,
JN858070/Italy_/2011/2/human,,,,,,,,,,,CGA,,,,,,,,,GCTGTATTGAGTAGTTGTATAGTTGTA,,,T,,,G,,,,,,,,,,,,,,
LR743422/Germany_Neuruppin/2019/2/bird,,,,,,,,,,,CGA,,,,,,,,,GCTGTATTGAGTAGTTGTATAGTTGTA,,,T,,,G,,,,,,,,,,,,,,
KT359349/Hungary_/2014/2/human,,,,,,,,,,,CGA,,,,,,,,,GCTGTATTGAGTAGTTGTATAGTTGTA,,,T,,,G,,,,,,,,,,,,,,
KC496016/Serbia_NoviSad/2010/2/mosquito,,,,,,,,,,,CGA,,,,,,,,,GCTGTATTGAGTAGTTGTATAGTTGTA,,,T,,,G,,,,,,,,,,,,,,
MW751837/Serbia_Curug/2018/2/unknown,,,,,,,,,,,CGA,,,,,,,,,GCTGTATTGAGTAGTTGTATAGTTGTA,,,T,,,G,,,,,,,,,,,,,,
KC407673/Serbia_/2012/2/bird,,,,,,,,,,,CGA,,,,,,,,,GCTGTATTGAGTAGTTGTATAGTTGTA,,,T,,,G,,,,,,,,,,,,,,
OK129329/Hungary_Enying/2016/2/human,,,,,,,,,,,CGA,,,,,,,,,GCTGTATTGAGTAGTTGTATAGTTGTA,,,T,,,G,,,,,,,,,,,,,,
OK129330/Hungary_Kisujszallas/2016/2/human,,,,,,,,,,,CGA,,,,,,,,,GCTGTATTGAGTAGTTGTATAGTTGTA,,,T,,,G,,,,,,,,,,,,,,
OK129331/Hungary_Matyasdomb/2015/2/human,,,,,,,,,,,CGA,,,,,,,,,GCTGTATTGAGTAGTTGTATAGTTGTA,,,T,,,G,,,,,,,,,,,,,,
OK129332/Hungary_Dunaujvaros/2015/2/human,,,,,,,,,,,CGA,,,,,,,,,GCTGTATTGAGTAGTTGTATAGTTGTA,,,T,,,G,,,,,,,,,,,,,,
OK239659/Hungary_Kecskemet/2018/2/human,,,,,,,,,,,CGA,,,,,,,,,GCTGTATTGAGTAGTTGTATAGTTGTA,,,T,,,G,,,,,,,,,,,,,,
OK239662/Hungary_Kiskunhalas/2018/2/human,,,,,,,,,,,CGA,,,,,,,,,GCTGTATTGAGTAGTTGTATAGTTGTA,,,T,,,G,,,,,,,,,,,,,,
MW751842/Serbia_Subotica/2018/2/mosquito,,,,,,,,,,,CGA,,,,,,,,,GCTGTATTGAGTAGTTGTATAGTTGTA,,,T,,,G,,,,,,,,,,,,,,
MW751846/Serbia_Subotica/2018/2/mosquito,,,,,,,,,,,CGA,,,,,,,,,GCTGTATTGAGTAGTTGTATAGTTGTA,,,T,,,G,,,,,,,,,,,,,,
KP780839/Austria_/2011/2/bird,,,,,,,,,,,CGA,,,,,,,,,GCTGTATTGAGTAGTTGTATAGTTGTA,,,T,,,G,,,,,,,,,,,,,,
OP179288/Hungary_unknown/2021/2/human,,,,,,,,,,,CGA,,,,,,,,,GCTGTATTGAGTAGTTGTATAGTTGTA,,,T,,,G,,,,,,,,,,,,,,
OX442272/Germany_unknown/2020/2/ungulate,,,,,,,,,,,CGA,,,,,,,,,GCTGTATTGAGTAGTTGTACAGTTGTA,,,T,,,G,,,,,,,,,,,,,,
LR743454/Germany_BadDuben/2019/2/bird,,,,,,,,,,,CGA,,,,,,,,,GCTGTATTGAGTAGTTGTACAGTTGTA,,,T,,,G,,,,,,,,,,,,,,
OX442305/Germany_unknown/2020/2/bird,,,,,,,,,,,CGA,,,,,,,,,GCTGTATTGAGTAGTTGTACAGTTGTA,,,T,,,G,,,,,,,,,,,,,,
OP179287/Hungary_unknown/2021/2/human,,,,,,,,,,,CGA,,,,,,,,,GCTGTATTGAGTAGTTGTATAGTTGTA,,,T,,,G,,,,,,,,,,,,,,
OK239658/Hungary_Hajduszoboszlo/2018/2/human,,,,,,,,,,,CGA,,,,,,,,,GCTGTATTGAGTAGTTGTATAGTTGTA,,,T,,,G,,,,,,,,,,,,,,
OK239670/Hungary_Hajduszoboszlo/2018/2/human,,,,,,,,,,,CGA,,,,,,,,,GCTGTATTGAGTAGTTGTATAGTTGTA,,,T,,,G,,,,,,,,,,,,,,
OK239666/Hungary_Bekescsaba/2018/2/human,,,,,,,,,,,CGA,,,,,,,,,GCTGTATTGAGTAGTTGTATAGTTGTA,,,T,,,G,,,,,,,,,,,,,,
MW751834/Serbia_Temerin/2018/2/mosquito,,,,,,,,,,,CGA,,,,,,,,,GCTGTATTGAGTAGTTGTATAGTTGTA,,,T,,,G,,,,,,,,,,,,,,
MW751843/Serbia_Karavukovo/2018/2/mosquito,,,,,,,,,,,CGA,,,,,,,,,GCTGTATTGAGTAGTTGTATAGTTGTA,,,T,,,G,,,,,,,,,,,,,,
MW751835/Serbia_Subotica/2018/2/unknown,,,,,,,,,,,CGA,,,,,,,,,GCTGTATTGAGTAGTTGTATAGTTGTA,,,T,,,G,,,,,,,,,,,,,,
MW751844/Serbia_Sombor/2018/2/mosquito,,,,,,,,,,,CGA,,,,,,,,,GCTGTATTGAGTAGTTGTATAGTTGTA,,,T,,,G,,,,,,,,,,,,,,
MW751841/Serbia_NoviBecej/2018/2/mosquito,,,,,,,,,,,CGA,,,,,,,,,GCTGTATTGAGTAGTTGTATAGTTGTA,,,T,,,G,,,,,,,,,,,,,,
MW561633/Slovakia_Kavecany/2018/2/unknown,,,,,,,,,,,CGA,,,,,,,,,GCTGTATTGAGTAGTTGTATAGTTGTA,,,T,,,G,,,,,,,,,,,,,,
MK947397/Slovenia_Ljubljana/2018/2/human,,,,,,,,,,,CGA,,,,,,,,,GCTGTATTGAGTAGTTGTATAGTTGTA,,,T,,,G,,,,,,,,,,,,,,
OK239665/Hungary_Debrecen/2018/2/human,,,,,,,,,,,CGA,,,,,,,,,GCTGTATTGAGTAGTTGTATAGTTGTA,,,T,,,G,,,,,,,,,,,,,,
MH021189/Belgium_Antwerpen/2017/2/human,,,,,,,,,,,CGA,,,,,,,,,GCTGTATTGAGTAGTTGTATAGTTGTA,,,T,,,G,,,,,,,,,,,,,,AACACACCCA
MN480794/Greece_Thessaloniki/2018/2/mosquito,,,,,,,,,,,CGA,,,,,,,,,GCTGTATTGAGTAGTTGTATAGTTGTA,,,T,,,G,,,,,,,,,,,,,,
OL840872/Greece_unknown/2018/2/human,,,,,,,,,,,CGA,,,,,,,,,GCTGTATTGAGTAGTTGTATAGTTGTA,,,T,,,G,,,,,,,,,,,,,,
OL840873/Greece_unknown/2018/2/human,,,,,,,,,,,CGA,,,,,,,,,GCTGTATTGAGTAGTTGTATAGTTGTA,,,T,,,G,,,,,,,,,,,,,,
OL840878/Greece_unknown/2019/2/human,,,,,,,,,,,CGA,,,,,,,,,GCTGTATTGAGTAGTTGTATAGTTGTG,,,T,,,G,,,,,,,,,,,,,,
OL840874/Greece_unknown/2019/2/human,,,,,,,,,,,CGA,,,,,,,,,GCTGTATTGAGTAGTTGTATAGTTGTA,,,T,,,G,,,,,,,,,,,,,,
OL840885/Greece_unknown/2019/2/mosquito,,,,,,,,,,,CGA,,,,,,,,,GCTGTATTGAGTAGTTGTATAGTTGTA,,,T,,,G,,,,,,,,,,,,,,
OL840882/Greece_unknown/2020/2/human,,,,,,,,,,,CGA,,,,,,,,,GCTGTATTGAGTAGTTGTATAGTTGTA,,,T,,,G,,,,,,,,,,,,,,
MT341470/Greece_Larissa/2019/2/mosquito,,,,,,,,,,,CGA,,,,,,,,,GCTGTATTGAGTAGTTGTATAGTTGTA,,,T,,,G,,,,,,,,,,,,,,
MT341471/Greece_Kardita/2019/2/mosquito,,,,,,,,,,,CGA,,,,,,,,,GCTGTATTGAGTAGTTGTATAGTTGTA,,,T,,,G,,,,,,,,,,,,,,
MN652878/Greece_Thessaloniki/2018/2/mosquito,,,,,,,,,,,CGA,,,,,,,,,GCTGTATTGAGTAGTTGTATAGTTGTA,,,T,,,G,,,,,,,,,,,,,,
MN481589/Greece_Thessaloniki/2018/2/bird,,,,,,,,,,,CGA,,,,,,,,,GCTGTATTGAGTAGTTGTATAGTTGTA,,,T,,,G,,,,,,,,,,,,,,
MN652879/Greece_Pella/2018/2/mosquito,,,,,,,,,,,CGA,,,,,,,,,GCTGTATTGAGTAGTTGTATAGTTGTA,,,T,,,G,,,,,,,,,,,,,,
MN480793/Greece_Pella/2018/2/human,,,,,,,,,,,CGA,,,,,,,,,GCTGTATTGAGTAGTTGTATAGTTGTA,,,T,,,G,,,,,,,,,,,,,,
MN480795/Greece_Pella/2018/2/human,,,,,,,,,,,CGA,,,,,,,,,GCTGTATTGAGTAGTTGTATAGTTGTA,,,T,,,G,,,,,,,,,,,,,,
MN652880/Greece_Thessaloniki/2018/2/mosquito,,,,,,,,,,,CGA,,,,,,,,,GCTGTATTGAGTAGTTGTATAGTTGTA,,,T,,,G,,,,,,,,,,,,,,
MN480792/Greece_Thessaloniki/2018/2/human,,,,,,,,,,,CGA,,,,,,,,,GCTGTATTGAGTAGTTGTATAGTTGTA,,,T,,,G,,,,,,,,,,,,,,
MN481590/Greece_Thessaloniki/2018/2/ungulate,,,,,,,,,,,CGA,,,,,,,,,GCTGTATTGAGTAGTTGTATAGTTGTA,,,T,,,G,,,,,,,,,,,,,,
OL840880/Greece_unknown/2020/2/human,,,,,,,,,,,CGA,,,,,,,,,GCTGTATTGAGTAGTTGTATAGTTGTA,,,T,,,G,,,,,,,,,,,,,,
OL840884/Greece_unknown/2019/2/mosquito,,,,,,,,,,,CGA,,,,,,,,,GCTGTATTGAGTAGTTGTATAGTTGTA,,,T,,,G,,,,,,,,,,,,,,
OQ053515/Greece_unknown/2022/2/human,,,,,,,,,,,CGA,,,,,,,,,GCTGTATTGAGTAGTTGTATAGTTGTA,,,T,,,G,,,,,,,,,,,,,,
OQ053536/Greece_unknown/2022/2/mosquito,,,,,,,,,,,CGA,,,,,,,,,GCTGTATTGAGTAGTTGTATAGTTGTA,,,T,,,G,,,,,,,,,,,,,,
OQ053516/Greece_unknown/2022/2/human,,,,,,,,,,,CGA,,,,,,,,,GCTGTATTGAGTAGTTGTATAGTTGTA,,,T,,,G,,,,,,,,,,,,,,
OQ053517/Greece_unknown/2022/2/mosquito,,,,,,,,,,,CGA,,,,,,,,,GCTGTATTGAGTAGTTGTATAGTTGTA,,,T,,,G,,,,,,,,,,,,,,
OQ053519/Greece_unknown/2022/2/mosquito,,,,,,,,,,,CGA,,,,,,,,,GCTGTATTGAGTAGTTGTATAGTTGTA,,,T,,,G,,,,,,,,,,,,,,
OQ053523/Greece_unknown/2022/2/mosquito,,,,,,,,,,,CGA,,,,,,,,,GCTGTATTGAGTAGTTGTATAGTTGTA,,,T,,,G,,,,,,,,,,,,,,
OQ053527/Greece_unknown/2022/2/mosquito,,,,,,,,,,,CGA,,,,,,,,,GCTGTATTGAGTAGTTGTATAGTTGTA,,,T,,,G,,,,,,,,,,,,,,
OQ053529/Greece_unknown/2022/2/mosquito,,,,,,,,,,,CGA,,,,,,,,,GCTGTATTGAGTAGTTGTATAGTTGTA,,,T,,,G,,,,,,,,,,,,,,
OQ053520/Greece_unknown/2022/2/mosquito,,,,,,,,,,,CGA,,,,,,,,,GCTGTATTGAGTAGTTGTATAGTTGTA,,,T,,,G,,,,,,,,,,,,,,
OQ053524/Greece_unknown/2022/2/mosquito,,,,,,,,,,,CGA,,,,,,,,,GCTGTATTGAGTAGTTGTATAGTTGTA,,,T,,,G,,,,,,,,,,,,,,
OQ053525/Greece_unknown/2022/2/mosquito,,,,,,,,,,,CGA,,,,,,,,,GCTGTATTGAGTAGTTGTATAGTTGTA,,,T,,,G,,,,,,,,,,,,,,
OQ053526/Greece_unknown/2022/2/mosquito,,,,,,,,,,,CGA,,,,,,,,,GCTGTATTGAGTAGTTGTATAGTTGTA,,,T,,,G,,,,,,,,,,,,,,
OQ053528/Greece_unknown/2022/2/mosquito,,,,,,,,,,,CGA,,,,,,,,,GCTGTATTGAGTAGTTGTATAGTTGTA,,,T,,,G,,,,,,,,,,,,,,
OQ053518/Greece_unknown/2022/2/mosquito,,,,,,,,,,,CGA,,,,,,,,,GCTGTATTGAGTAGTTGTATAGTTGTA,,,T,,,G,,,,,,,,,,,,,,
OL840881/Greece_unknown/2020/2/human,,,,,,,,,,,CGA,,,,,,,,,GCTGTATTGAGTAGTTGTATAGTTGTA,,,T,,,G,,,,,,,,,,,,,,
OL840886/Greece_unknown/2020/2/mosquito,,,,,,,,,,,CGA,,,,,,,,,GCTGTATTGAGTAGTTGTATAGTTGTA,,,T,,,G,,,,,,,,,,,,,,
OL840887/Greece_unknown/2020/2/mosquito,,,,,,,,,,,CGA,,,,,,,,,GCTGTATTGAGTAGTTGTATAGTTGTA,,,T,,,G,,,,,,,,,,,,,,
OL840893/Greece_unknown/2020/2/mosquito,,,,,,,,,,,CGA,,,,,,,,,GCTGTATTGAGTAGTTGTATAGTTGTA,,,T,,,G,,,,,,,,,,,,,,
OL840889/Greece_unknown/2020/2/mosquito,,,,,,,,,,,CGA,,,,,,,,,GCTGTATTGAGTAGTTGTATAGTTGTA,,,T,,,G,,,,,,,,,,,,,,
OL840883/Greece_unknown/2019/2/mosquito,,,,,,,,,,,CGA,,,,,,,,,GCTGTATTGAGTAGTTGTATAGTTGTA,,,T,,,G,,,,,,,,,,,,,,
OL840894/Greece_unknown/2021/2/mosquito,,,,,,,,,,,CGA,,,,,,,,,GCTGTATTGAGTAGTTGTATAGTTGTA,,,T,,,G,,,,,,,,,,,,,,
OL840895/Greece_unknown/2021/2/mosquito,,,,,,,,,,,CGA,,,,,,,,,GCTGTATTGAGTAGTTGTATAGTTGTA,,,T,,,G,,,,,,,,,,,,,,
OL840897/Greece_unknown/2021/2/mosquito,,,,,,,,,,,CGA,,,,,,,,,GCTGTATTGAGTAGTTGTATAGTTGTA,,,T,,,G,,,,,,,,,,,,,,
OL840898/Greece_unknown/2021/2/mosquito,,,,,,,,,,,CGA,,,,,,,,,GCTGTATTGAGTAGTTGTATAGTTGTA,,,T,,,G,,,,,,,,,,,,,,
OL840899/Greece_unknown/2021/2/mosquito,,,,,,,,,,,CGA,,,,,,,,,GCTGTATTGAGTAGTCGTATAGTTGTA,,,T,,,G,,,,,,,,,,,,,,
OL840892/Greece_unknown/2020/2/mosquito,,,,,,,,,,,CGA,,,,,,,,,GCTGTATTGAGTAGTTGTATAGTTGTA,,,T,,,G,,,,,,,,,,,,,,
OL840891/Greece_unknown/2020/2/mosquito,,,,,,,,,,,CGA,,,,,,,,,GCTGTATTGAGTAGTTGTATAGTTGTA,,,T,,,G,,,,,,,,,,,,,,
OL840896/Greece_unknown/2021/2/mosquito,,,,,,,,,,,CGA,,,,,,,,,GCTGTATTGAGTAGTTGTATAGTTGTA,,,T,,,G,,,,,,,,,,,,,,
OL840890/Greece_unknown/2020/2/mosquito,,,,,,,,,,,CGA,,,,,,,,,GCTGTATTGAGTAGTTGTATAGTTGTA,,,T,,,G,,,,,,,,,,,,,,
OQ053539/Greece_unknown/2022/2/mosquito,,,,,,,,,,,CGA,,,,,,,,,GCTGTATTGAGTAGTTGTATAGTTGTA,,,T,,,G,,,,,,,,,,,,,,
OQ053538/Greece_unknown/2022/2/mosquito,,,,,,,,,,,CGA,,,,,,,,,GCTGTATTGAGTAGTTGTATAGTTGTA,,,T,,,G,,,,,,,,,,,,,,
OQ053537/Greece_unknown/2022/2/mosquito,,,,,,,,,,,CGA,,,,,,,,,GCTGTATTGAGTAGTTGTATAGTTGTA,,,T,,,G,,,,,,,,,,,,,,
OQ053532/Greece_unknown/2022/2/mosquito,,,,,,,,,,,CGA,,,,,,,,,GCTGTATTGAGTAGTTGTATAGTTGTA,,,T,,,G,,,,,,,,,,,,,,
OQ053533/Greece_unknown/2022/2/mosquito,,,,,,,,,,,CGA,,,,,,,,,GCTGTATTGAGTAGTTGTATAGTTGTA,,,T,,,G,,,,,,,,,,,,,,
OQ053521/Greece_unknown/2022/2/mosquito,,,,,,,,,,,CGA,,,,,,,,,GCTGTATTGAGTAGTTGGATAGTTGTA,,,T,,,G,,,,,,,,,,,,,,
OQ053522/Greece_unknown/2022/2/mosquito,,,,,,,,,,,CGA,,,,,,,,,GCTGTATTGAGTAGTTGTATAGTTGTA,,,T,,,G,,,,,,,,,,,,,,
OQ053531/Greece_unknown/2022/2/mosquito,,,,,,,,,,,CGA,,,,,,,,,GCTGTATTGAGTAGTTGTATAGTTGTA,,,T,,,G,,,,,,,,,,,,,,
OQ053530/Greece_unknown/2022/2/mosquito,,,,,,,,,,,CGA,,,,,,,,,GCTGTATTGAGTAGTTGTATAGTTGTA,,,T,,,G,,,,,,,,,,,,,,
OL840871/Greece_unknown/2018/2/human,,,,,,,,,,,CGA,,,,,,,,,GCTGTATTGAGTAGTTGTATAGTTGTA,,,T,,,G,,,,,,,,,,,,,,
OQ053535/Greece_unknown/2022/2/mosquito,,,,,,,,,,,CGA,,,,,,,,,GCTGTATTGAGTAGTTGTATAGTTGTA,,,T,,,G,,,,,,,,,,,,,,
OQ053534/Greece_unknown/2022/2/mosquito,,,,,,,,,,,CGA,,,,,,,,,GCTGTATTGAGTAGTTGTATAGTTGTA,,,T,,,G,,,,,,,,,,,,,,
OL840875/Greece_unknown/2019/2/human,,,,,,,,,,,CGA,,,,,,,,,GCTGTATTGAGTAGTTGTATAGTTGTA,,,T,,,G,,,,,,,,,,,,,,
OL840876/Greece_unknown/2019/2/human,,,,,,,,,,,CGA,,,,,,,,,GCTGTATTGAGTAGTTGTATAGTTGTA,,,T,,,G,,,,,,,,,,,,,,
OL840879/Greece_unknown/2019/2/human,,,,,,,,,,,CGA,,,,,,,,,GCTGTATTGAGTAGTTGTATAGTTGTA,,,T,,,G,,,,,,,,,,,,,,
MT341472/Bulgaria_Pleven/2018/2/mosquito,,,,,,,,,,,CGA,,,,,,,,,GCTGTATTGAGTAGTTGTATAGTTGTA,,,T,,,G,,,,,,,,,,,,,,
OK239661/Hungary_Oroshaza/2018/2/human,,,,,,,,,,,CGA,,,,,,,,,GCTGTATTGAGTAGTTGTATAGTTGTA,,,T,,,G,,,,,,,,,,,,,,
OK239663/Hungary_Nyiregyhaza/2018/2/human,,,,,,,,,,,CGA,,,,,,,,,GTTGTATTGAGTAGTTGTATAGTTGTA,,,T,,,G,,,,,,,,,,,,,,
OK239672/Hungary_Tiszaluc/2018/2/human,,,,,,,,,,,CGA,,,,,,,,,GCTGTATTGAGTAGTTGCATAGTTGTA,,,T,,,G,,,,,,,,,,,,,,
MZ190465/Kosovo_unknown/2018/2/human,,,,,,,,,,,CGA,,,,,,,,,GCTGTATTGAGTAGTTGTATAGTTGTA,,,T,,,G,,,,,,,,,,,,,,
MK473443/Greece_Peloponnesus/2017/2/bird,,,,,,,,,,,CGA,,,,,,,,,GCTGTATTGAGTAGTTGTATAGTTGTA,,,T,,,G,,,,,,,,,,,,,,
MH549209/Greece_Peloponnesus/2017/2/bird,,,,,,,,,,,CGA,,,,,,,,,GCTGTATTGAGTAGTTGTATAGTTGTA,,,T,,,G,,,,,,,,,,,,,,
MN481592/Greece_Thessaloniki/2012/2/mosquito,,,,,,,,,,,CGA,,,,,,,,,GCTGTATTGAGTAGTTGTATAGTTGTA,,,T,,,G,,,,,,,,,,,,,,
MN481593/Greece_Thessaloniki/2012/2/mosquito,,,,,,,,,,,CGA,,,,,,,,,GCTGTATTGAGTAGTTGTATAGTTGTA,,,T,,,G,,,,,,,,,,,,,,
MN481594/Greece_Pella/2012/2/mosquito,,,,,,,,,,,CGA,,,,,,,,,GCTGTATTGAGTAGTTGTATAGTTGTA,,,T,,,G,,,,,,,,,,,,,,
MN481597/Greece_Imathia/2012/2/bird,,,,,,,,,,,CGA,,,,,,,,,GCTGTATTGAGTAGTTGTATAGTTGTA,,,T,,,G,,,,,,,,,,,,,,
MN481595/Greece_Thessaloniki/2010/2/bird,,,,,,,,,,,CGA,,,,,,,,,GCTGTATTGAGTAGTTGTATAGTTGTA,,,T,,,G,,,,,,,,,,,,,,
MN481596/Greece_Thessaloniki/2011/2/bird,,,,,,,,,,,CGA,,,,,,,,,GCTGTATTGAGTAGTTGTATAGTTGTA,,,T,,,G,,,,,,,,,,,,,,
KY594040/Greece_/2010/2/human,,,,,,,,,,,CGA,,,,,,,,,GCTGTATTGAGTAGTTGTATAGTTGTA,,,T,,,G,,,,,,,,,,,,,,
HQ537483/Greece_NeaSanta/2010/2/mosquito,,,,,,,,,,,CGA,,,,,,,,,GCTGTATTGAGTAGTTGTATAGTTGTA,,,T,,,G,,,,,,,,,,,,,,
KJ577738/Greece_/2013/2/human,,,,,,,,,,,CGA,,,,,,,,,GCTGTATTGAGTAGTTGTATAGTTGTA,,,T,,,G,,,,,,,,,,,,,,
KJ577739/Greece_/2013/2/human,,,,,,,,,,,CGA,,,,,,,,,GCTGTATTGAGTAGTTGTATAGTTGTA,,,T,,,G,,,,,,,,,,,,,,
KJ883346/Greece_Thessaloniki/2013/2/human,,,,,,,,,,,CGA,,,,,,,,,GCTGTATTGAGTAGTTGTATAGTTGTA,,,T,,,G,,,,,,,,,,,,,,
KJ883350/Greece_Thessaloniki/2013/2/human,,,,,,,,,,,CGA,,,,,,,,,GCTGTATTGAGTAGTTGTATAGTTGTA,,,T,,,G,,,,,,,,,,,,,,
KC496015/Hungary_/2010/2/ungulate,,,,,,,,,,,CGA,,,,,,,,,GCTGTATTGAGTAGTTGTATAGTTGTA,,,T,,,G,,,,,,,,,,,,,,
KJ883341/Greece_Xanthi/2013/2/human,,,,,,,,,,,CGA,,,,,,,,,GCTGTATTGAGTAGTTGTATAGTTGTA,,,T,,,G,,,,,,,,,,,,,,
KJ883347/Greece_Serres/2013/2/human,,,,,,,,,,,CGA,,,,,,,,,GCTGTATTGAGTAGTTGTATAGTTGTA,,,T,,,G,,,,,,,,,,,,,,
KJ883342/Greece_Kavala/2013/2/human,,,,,,,,,,,CGA,,,,,,,,,GCTGTATTGAGTAGTTGTATAGTTGTA,,,T,,,G,,,,,,,,,,,,,,
KJ883345/Greece_Xanthi/2013/2/human,,,,,,,,,,,CGA,,,,,,,,,GCTGTATTGAGTAGTTGTATAGTTGTA,,,T,,,G,,,,,,,,,,,,,,
KJ883343/Greece_Xanthi/2013/2/human,,,,,,,,,,,CGA,,,,,,,,,GCTGTATTGAGTAGTTGTATAGTTGTA,,,T,,,G,,,,,,,,,,,,,,
KJ883344/Greece_Xanthi/2013/2/human,,,,,,,,,,,CGA,,,,,,,,,GCTGTATTGAGTAGTTGTATAGTTGTA,,,T,,,G,,,,,,,,,,,,,,
KJ883348/Greece_Kavala/2013/2/human,,,,,,,,,,,CGA,,,,,,,,,GCTGTATTGAGTAGTTGTATAGTTGTA,,,T,,,G,,,,,,,,,,,,,,
KJ883349/Greece_Xanthi/2013/2/human,,,,,,,,,,,CGA,,,,,,,,,GCTGTATTGAGTAGTTGTATAGTTGTA,,,T,,,G,,,,,,,,,,,,,,
KF179639/Greece_Kavala/2012/2/human,,,,,,,,,,,CGA,,,,,,,,,GCTGTATTGAGTAGTTGTATAGTTGTA,,,T,,,G,,,,,,,,,,,,,,
MN481591/Greece_Rhodope/2018/2/other,,,,,,,,,,,CGA,,,,,,,,,GCTGTATTGAGTAGTTGTATAGTTGTA,,,T,,,G,,,,,,,,,,,,,,
KX375812/Serbia_NoviSad/2013/2/human,,,,,,,,,,,CGA,,,,,,,,,,,,,,,,,,,,,,,,,,,,,
KT757320/Serbia_NoviSad/2013/2/mosquito,,,,,,,,,,,CGA,,,,,,,,,GCTGTATTGAGTAGTTGTATAGTTGTA,,,T,,,G,,,,,,,,,,,,,,
KT757321/Serbia_NoviSad/2013/2/mosquito,,,,,,,,,,,CGA,,,,,,,,,GCTGTATTGAGTAGTTGTATAGTTGTA,,,T,,,G,,,,,,,,,,,,,,
KT757322/Serbia_NoviSad/2013/2/mosquito,,,,,,,,,,,CGA,,,,,,,,,GCTGTATTGAGTAGTTGTATAGTTGTA,,,T,,,G,,,,,,,,,,,,,,
KT757323/Serbia_NoviSad/2013/2/mosquito,,,,,,,,,,,CGA,,,,,,,,,GCTGTATTGAGTAGTTGTATAGTTGTA,,,T,,,G,,,,,,,,,,,,,,
KT757318/Serbia_NoviSad/2013/2/mosquito,,,,,,,,,,,CGA,,,,,,,,,GCTGTATTGAGTAGTTGTATAGTTGTA,,,T,,,G,,,,,,,,,,,,,,
KT757319/Serbia_NoviSad/2013/2/mosquito,,,,,,,,,,,CGA,,,,,,,,,GCTGTATTGAGTAGTTGTATAGTTGTA,,,T,,,G,,,,,,,,,,,,,,
KU206781/Bulgaria_Sofia/2015/2/human,,,,,,,,,,,CGA,,,,,,,,,GCTGTATTGAGTAGTTGTATAGTTGTA,,,T,,,G,,,,,,,,,,,,,,
MW751836/Serbia_MaliIdjos/2015/2/mosquito,,,,,,,,,,,CGA,,,,,,,,,GCTGTATTGAGTAGTTGTATAGTTGTA,,,T,,,G,,,,,,,,,,,,,,
MW751839/Serbia_NoviSad/2020/2/mosquito,,,,,,,,,,,CGA,,,,,,,,,GCTGTATTGAGTAGTTGTATAGTTGTG,,,T,,,G,,,,,,,,,,,,,,
MW751840/Serbia_NoviSad/2020/2/mosquito,,,,,,,,,,,CGA,,,,,,,,,GCTGTATTGAGTAGTTGTATAGTTGTG,,,T,,,G,,,,,,,,,,,,,,
MW751845/Serbia_Opovo/2018/2/mosquito,,,,,,,,,,,CGA,,,,,,,,,GCTGTATTGAGTAGTTGTATAGTTGTG,,,T,,,G,,,,,,,,,,,,,,
MW751838/Serbia_Belgrade/2018/2/bird,,,,,,,,,,,CGA,,,,,,,,,GCTGTATTGAGTAGTTGTATAGTTGTA,,,T,,,G,,,,,,,,,,,,,,
OL840877/Greece_unknown/2019/2/human,,,,,,,,,,,CGA,,,,,,,,,GCTGTATTGAGTAGTTGCATAGTTGTA,,,T,,,G,,,,,,,,,,,,,,
MZ190464/Kosovo_unknown/2018/2/human,,,,,,,,,,,CGA,,,,,,,,,GCTGTATTGAGTAGTTGTATAGTTGTA,,,T,,,G,,,,,,,,,,,,,,
MZ190466/Kosovo_unknown/2018/2/human,,,,,,,,,,,CGA,,,,,,,,,GCTGTATTGAGTAGTTGTATAGTTGTA,,,T,,,G,,,,,,,,,,,,,,
MZ190467/Kosovo_unknown/2018/2/human,,,,,,,,,,,CGA,,,,,,,,,GCTGTATTGAGTAGTTGTATAGTTGTA,,,T,,,G,,,,,,,,,,,,,,
KF823805/Italy_Rovigo/2013/2/human,,,,,,,,,,,CGA,,,,,,,,,GCTGTATTGAGTAGTTGTATAGTTGTA,,,T,,,G,,,,,,,,,,,,,,
KF647248/Italy_Rovigo/2013/2/human,,,,,,,,,,,CGA,,,,,,,,,GCTGTATTGAGTAGTTGTATAGTTGTA,,,T,,,G,,,,,,,,,,,,,,
KF647250/Italy_Rovigo/2013/2/human,,,,,,,,,,,CGA,,,,,,,,,GCTGTATTGAGTAGTTGTATAGTTGTA,,,T,,,G,,,,,,,,,,,,,,
ON032498/Italy_Umbriaregion/2022/2/bird,,,,,,,,,,,CGA,,,,,,,,,GCTGTATTGAGTAGTTGTATAGTTGTA,,,T,,,G,,,,,,,,,,,,,,
KP780840/Austria_/2014/2/bird,,,,,,,,,,,CGA,,,,,,,,,TCTGTATTGAGTAGTTGTATAGTTGTA,,,T,,,G,,,,,,,,,,,,,,
OK239667/Hungary_Kiskunmajsa/2018/2/human,,,,,,,,,,,CGA,,,,,,,,,GCTGTATTGAGTAGTTGTATAGTTGTA,,,T,,,G,,,,,,,,,,,,,,
OP345085/Russia_Voronezh/2021/2/mosquito,,,,,,,,,,,CGA,,,,,,,,,GTTGTGTTGGGTAGTTGTATAGTTGTA,,,T,,,G,,,,,,,,,,,,,,
OP345086/Russia_Volgograd/2021/2/mosquito,,,,,,,,,,,CGA,,,,,,,,,GTTGTGTTGGGTAGTTGTATAGTTGTA,,,T,,,G,,,,,,,,,,,,,,
OP345087/Russia_Volgograd/2021/2/mosquito,,,,,,,,,,,CGA,,,,,,,,,GTTGTGTTGGGTAGTTGTATAGTTGTA,,,T,,,G,,,,,,,,,,,,,,
OP345088/Russia_Volgograd/2021/2/mosquito,,,,,,,,,,,CGA,,,,,,,,,GTTGTGTTGGGTAGTTGTATAGTTGTA,,,T,,,G,,,,,,,,,,,,,,
OP345089/Russia_Volgograd/2021/2/mosquito,,,,,,,,,,,CGA,,,,,,,,,GTTGTGTTGGGTAGTTGTATAGTTGTA,,,T,,,G,,,,,,,,,,,,,,
OP345091/Russia_Volgograd/2021/2/mosquito,,,,,,,,,,,CGA,,,,,,,,,GTTGTGTTGGGTAGTTGTATAGTTGTA,,,T,,,G,,,,,,,,,,,,,,
OP345092/Russia_Volgograd/2021/2/mosquito,,,,,,,,,,,CGA,,,,,,,,,GTTGTGTTGGGTAGTTGTATAGTTGTA,,,T,,,G,,,,,,,,,,,,,,
OP345093/Russia_Volgograd/2021/2/mosquito,,,,,,,,,,,CGA,,,,,,,,,GTTGTGTTGGGTAGTTGTATAGTTGTA,,,T,,,G,,,,,,,,,,,,,,
OP345094/Russia_Volgograd/2021/2/mosquito,,,,,,,,,,,CGA,,,,,,,,,GTTGTGTTGGGTAGTTGTATAGTTGTA,,,T,,,G,,,,,,,,,,,,,,
OP345098/Russia_Urupinsk/2021/2/unknown,,,,,,,,,,,CGA,,,,,,,,,GTTGTGTTGGGTAGTTGTATAGTTGTA,,,T,,,G,,,,,,,,,,,,,,
OP345099/Russia_Rostov/2021/2/bird,,,,,,,,,,,CGA,,,,,,,,,GTTGTGTTGGGTAGTTGTATAGTTGTA,,,T,,,G,,,,,,,,,,,,,,
OP345100/Russia_Dagestan/2021/2/mosquito,,,,,,,,,,,CGA,,,,,,,,,GTTGTGTTGGGTAGTTGTATAGTTGTA,,,T,,,G,,,,,,,,,,,,,,
OP345101/Russia_Astrakhan/2021/2/mosquito,,,,,,,,,,,CGA,,,,,,,,,GTTGTGTTGGGTAGTTGTATAGTTGTA,,,T,,,G,,,,,,,,,,,,,,
OP345090/Russia_Volgograd/2021/2/mosquito,,,,,,,,,,,CGA,,,,,,,,,GTTGTGTTGGGTAGTTGTATAGTTGTA,,,T,,,G,,,,,,,,,,,,,,
OP345095/Russia_Volgograd/2021/2/mosquito,,,,,,,,,,,CGA,,,,,,,,,GCTGTGTTGAGTAGTTGTATAGCTGTA,,,T,,,G,,,,,,,,,,,,,,
OP345102/Russia_Volgograd/2020/2/unknown,,,,,,,,,,,CGA,,,,,,,,,GCTGTGTTGAGTAGTTGTATAGCTGTA,,,T,,,G,,,,,,,,,,,,,,
OP345104/Russia_Rostov/2020/2/bird,,,,,,,,,,,CGA,,,,,,,,,GCTGTGTTGAGTAGTTGTATAGCTGTA,,,T,,,G,,,,,,,,,,,,,,
OP345097/Russia_Volgograd/2021/2/other,,,,,,,,,,,CGA,,,,,,,,,GCTGTGTTGAGTAGTTGTATAGCTGTA,,,T,,,G,,,,,,,,,,,,,,
OP345103/Russia_Volgograd/2020/2/unknown,,,,,,,,,,,CGA,,,,,,,,,GCTGTGTTGAGTAGTTGTATAGCTGTA,,,T,,,G,,,,,,,,,,,,,,
OP345096/Russia_Volgograd/2021/2/mosquito,,,,,,,,,,,CGA,,,,,,,,,GCTGTGTTGAGTAGTTGTATAGCTGTA,,,T,,,G,,,,,,,,,,,,,,
OP345105/Russia_Volgograd/2020/2/mosquito,,,,,,,,,,,CGA,,,,,,,,,GCTGTGTTGAGTAGTTGTATAGCTGTA,,,T,,,G,,,,,,,,,,,,,,
MN619800/Russia_Volgograd/2018/2/mosquito,,,,,,,,,,,CGA,,,,,,,,,GCTGTGTTGAGTAGTTGTATAGCTGTA,,,T,,,G,,,,,,,,,,,,,,
OP345106/Russia_Volgograd/2020/2/mosquito,,,,,,,,,,,CGA,,,,,,,,,GCTGTGTTGAGTAGTTGTATAGCTGTA,,,T,,,G,,,,,,,,,,,,,,
MN812760/Russia_Volgograd/2018/2/human,,,,,,,,,,,CGA,,,,,,,,,GCTGTGTTGAGTAGTTGTATAGCTGTA,,,T,,,G,,,,,,,,,,,,,,
MN812759/Russia_Volgograd/2018/2/human,,,,,,,,,,,CGA,,,,,,,,,GCTGTGTTGAGTAGTTGTATAGCTGTA,,,T,,,G,,,,,,,,,,,,,,TAGAGTGACTATCTACTAACAA
MN812758/Russia_Volgograd/2018/2/mosquito,,,,,,,,,,,CGA,,,,,,,,,GCTGTGTTGAGTAGTTGTATAGCTGTA,,,T,,,G,,,,,,,,,,,,,,
MN812761/Russia_Volgograd/2018/2/human,,,,,,,,,,,CGA,,,,,,,,,GCTGTGTTGAGTAGTTGTATAGCTGTA,,,T,,,G,,,,,,,,,,,,,,
MN812757/Russia_Volgograd/2018/2/mosquito,,,,,,,,,,,CGA,,,,,,,,,GCTGTGTTGAGTAGTTGTATAGCTGTA,,,T,,,G,,,,,,,,,,,,,,
OP345107/Russia_Volgograd/2019/2/human,,,,,,,,,,,CGA,,,,,,,,,GCTGTGTTGAGTAGTTGTATAGCTGTA,,,T,,,G,,,,,,,,,,,,,,
MN812762/Russia_Volgograd/2018/2/human,,,,,,,,,,,CGA,,,,,,,,,GCTGTGTTGAGTAGTTGTATAGCTGTA,,,T,,,G,,,,,,,,,,,,,,
FJ425721/Russia_Volgograd/2007/2/human,,,,,,,,,,,CGA,,,,,,,,,GCTGTGTTGAGTAGTTGTATAGTTGTA,,,T,,,G,,,,,,,,,,,,,,
OK239669/Hungary_Jaszkiser/2017/2/human,,,,,,,,,,,CGA,,,,,,,,,GCTGTGTTGAGTAGTTGTATAGTTGTA,,,T,,,G,,,,,,,,,,,,,,
MH939153/Romania_Caraorman/2014/2/mosquito,,,,,,,,,,,CGA,,,,,,,,,GCTGTGTTGAGTAGTTGTATAGTTGTA,,,T,,,G,,,,,,,,,,,,,,
KJ934710/Romania_Enisala/2013/2/other,,,,,,,,,,,CGA,,,,,,,,,GCTGTGTTGAGTAGTTGTATAGTTGTA,,,T,,,G,,,,,,,,,,,,,,
MH939154/Romania_Caraorman/2014/2/mosquito,,,,,,,,,,,CGA,,,,,,,,,GCTGTGTTGAGTAGTTGTATAGTTGTA,,,T,,,G,,,,,,,,,,,,,,
KT207791/Italy_/2014/2/mosquito,,,,,,,,,,,CGA,,,,,,,,,GTTGTGTTGAGTAGTTGTATAGTTGTA,,,T,,,G,,,,,,,,,,,,,,
MN238669/Iran_/2017/2/mosquito,,,,,,,,,,,CGA,,,,,,,,,GCTGTGTTGAGTAGTTGTATAGTTGTA,,,T,,,G,,,,,,,,,,,,,,
MN238670/Iran_/2018/2/mosquito,,,,,,,,,,,CGA,,,,,,,,,GCTGTGTTGAGTAGTTGTATAGTTGTA,,,T,,,G,,,,,,,,,,,,,,
MN619802/Russia_Volgograd/2018/2/mosquito,,,,,,,,,,,CGA,,,,,,,,,GCTGTGTTGAGTAGTTGCATAGCTGTA,,,T,,,G,,,,,,,,,,,,,,
MN619801/Russia_Volgograd/2018/2/mosquito,,,,,,,,,,,CGA,,,,,,,,,GCTGTGTTGAGTAGTTGTATAGCTGTA,,,T,,,G,,,,,,,,,,,,,,
ON813217/Senegal_ThilleBoubacarregion/2006/2/unknown,,,,,,,,,,,CGA,,,,,,,,,,,,C,,,G,,,,,,,,,,,,,,
ON813218/Senegal_ThilleBoubacarregion/2006/2/unknown,,,,,,,,,,,CGA,,,,,,,,,GCTGTATTGAGTAGTTGTATAGTTGTA,,,C,,,G,,,,,,,,,,,,,,
ON813219/Senegal_Barkedjiregion/2006/2/mosquito,,,,,,,,,,,CGA,,,,,,,,,GCTGTATTGAGTAGTTGTATAGTTGTA,,,C,,,G,,,,,,,,,,,,,,
JX041631/Ukraine_Lviv/1980/2/bird,,,,,,,,,,,CGA,,,,,,,,,GCTGTATTGAGTAGTTGTATAGTTGTA,,,,,,G,,,,,,,,,,,,,,
DQ318019/Senegal_/1988/2/mosquito,,,,,,,,,,,CGA,,,,,,,,,GCTGTATTGAGTAGTTGTATAGTTGTA,,,C,,,G,,,,,,,,,,,,,,
OP870453/Senegal_unknown/1989/2/mosquito,,,,,,,,,,,CGA,,,,,,,,,,,,,,,,,,,,,,,,,,,,,
OP870454/Senegal_unknown/1989/2/unknown,,,,,,,,,,,CGA,,,,,,,,,,,,,,,,,,,,,,,,,,,,,
OP870455/Senegal_unknown/1990/2/unknown,,,,,,,,,,,CGA,,,,,,,,,,,,,,,,,,,,,,,,,,,,,
OP870456/Senegal_unknown/1989/2/mosquito,,,,,,,,,,,CGA,,,,,,,,,,,,,,,,,,,,,,,,,,,,,
OP870459/Senegal_unknown/1998/2/mosquito,,,,,,,,,,,CGA,,,,,,,,,,,,,,,,,,,,,,,,,,,,,
OP870460/Senegal_unknown/2003/2/unknown,,,,,,,,,,,CGA,,,,,,,,,,,,,,,,,,,,,,,,,,,,,
OP870457/Senegal_unknown/1990/2/mosquito,,,,,,,,,,,CGA,,,,,,,,,,,,,,,,,,,,,,,,,,,,,
AY532665/Uganda_/1937/2/human,,,,,,,,,,,CGA,,,,,,,,,GCTGTATTGAGTAGTTGTATAGTTGTA,,,C,,,G,,,,,,,,,,,,,,
OP870461/Senegal_unknown/2002/2/mosquito,,,,,,,,,,,CGA,,,,,G,,,,,,,,,,,,,,,,,,,,,,,,
OP846976/Senegal_unknown/1989/2/mosquito,,,,,,,,,,,CGA,,,,,,,,,,,,,,,,,,,,,,,,,,,,,
OP870458/Senegal_unknown/1990/2/mosquito,,,,,,,,,,,CGA,,,,,,,,,,,,,,,,,,,,,,,,,,,,,
KM052152/SouthAfrica_/1977/2/ungulate,,,,,,,,,,,CGA,,,,,,,,,GCTGTATTGAGTAGTTGCACAGTTGTA,,,T,,,G,,,,,,,,,,,,,,
EF429199/SouthAfrica_/2000/2/human,,,,,,,,,,,CGA,,,,,,,,,GCTGTATTGAGTAGTTGCATAGTTGTA,,,T,,,G,,,,,,,,,,,,RR,,
EF429200/SouthAfrica_/1958/2/human,,,,,,,,,,,CGA,,,,,,,,,GCTGTATTGAGTAGTTGCATAGTTGTA,,,T,,,G,,,,,A,,,,,,,RR,,
DQ318020/CentralAfricanRepublic_/1972/2/human,,,,,,,,,,,CGA,,,,,,,,,GCTGTATTGAGTAGTTGCATAGTTGTA,,,T,,,G,,,,,,,,,,,,,,
HM147824/DemocraticRepublicoftheCongo_/1958/2/unknown,,,,,,,,,,,CGA,,,,,,,,,GCTGTGTTGAGTAGTGATATAGTTGTA,,,T,,,G,,,,,,,,,,,,,,
LC318700/Zambia_/2016/2/mosquito,,,,,,,,,,,CGA,,,,,,,,,GCTGTATTGAGTAGTTGTATAGTTGTA,,,T,,,G,,,,,,,,,,,,,,
KY523178/Uganda_/2009/2/mosquito,,,,,,,,,,,CGA,,,,,,,,,GCTGTATTGAGTAGTTGTATAGTTGTA,,,T,,,G,,,,,,,,,,,,,,
JN393308/SouthAfrica_/2008/2/ungulate,,,,,,,,,,,CGA,,,,,,,,,GCTGTATTGAGTAGTTGTATA,,,T,,,G,,,,,,,,,,,,,,
EF429197/SouthAfrica_/1989/2/human,,,,,,,,,,,CGA,,,,,,,,,GCTGTATTGAGTAGTTGTATAGTTGTA,,,T,,,G,,,,,,,,,,,,RR,,
EF429198/SouthAfrica_/2001/2/human,,,,,,,,,,,CGA,,,,,,,,,GCTGTATTGAGTAGTTGTATAGTTGTA,,,T,,,G,,,,,,,,,,,,RR,,
MW383508/Namibia_/2020/2/mosquito,,,,,,,,,,,CGA,,,,,,,,,GCTGTATTGAGTAGTTGTATAGTTTTA,,T,T,,,G,,,,,,,,,,,,,,
KU978767/Madagascar_/1988/2/mosquito,,,,,,,,,,,CGA,,,,,,,,,GTTGTATTGAATAGTTGTACAGTTGCA,,,T,,,G,,,,,,,,,,,,,,
HM147823/Madagascar_/1988/2/unknown,,,,,,,,,,,CGA,,,,,,,,,GTTGTATTGAATAGTTGTACAGTTGCA,,,T,,,G,,,,,,,,,,,,,,
OP345108/Russia_Volgograd/2019/2/mosquito,,,,,,,,,,,GGA,,,,,,,,,GCTGTGTTTAGTAGTTGTATAGCTGTA,,,T,,,G,,,,,,,,,,,,,,
MW383507/Namibia_Namibia/2020/2/mosquito,,,,,,,,,,,CAA,,,,,,,,,GTTGAACTGGGTAGTTGTATTATTGTATGTTAGTTGA,,,T,,,G,,,,,,,,,,,,,,
HM147822/SouthAfrica_/1958/2/unknown,,,,,,,,,,,CAA,,,,,,,,,GTTGAATTGGGTAGTTGTATTATTGTAGTTTAGTTGA,T,,C,,,G,,,,,,,,,,,,,,
GQ903680/Cyprus_/1968/2/unknown,,,,,,,,,,,CAA,,,,,,,,,GTTGAGATGAATAGTTTGTGATTGTAGTTTAGTTAA,,,T,,,G,,,T,,,T,T,A,,,,,,
DQ176636/Madagascar_/1978/2/bird,,,,,,,,,,,CAG,,,,,,,,,GTCACATT,,,,,,G,,,,,,,,,,,,,,
KJ501228/USA_NA/2012/1a/mosquito,,,,,,,,,,,,,,AAGA,,,,,,,,,,,,,,,,,,,,,,,,,,AACA
OP846977/Senegal_unknown/1990/1a/unknown,,,,,,,,,,,,,,,GCGTGTCTG,,,,,,,,,,,,,,,,,,,,,,,,,
AY765264/CzechRepublic_unknown/1997/3_rabensburg/mosquito,,,,,,,,,,,,,,,,,,,,GCG,,,,,AA,,T,,,,,,,,,C,,AA,,
MN057643/Niger_/2016/7_koutango/unknown,,,,,,,,,,,,,,,,,,,,G,,,,,AT,,,,,,AA,,,,,,,,,
KJ831223/Austria_Seehof/2013/4/mosquito,,,,,,,,,,,,,,,,,,,,AATACACA,A,,,,ATTT,,,,,,A,,,,,,,,,
FJ159129/Russia_Volgograd/2006/4/mosquito,,,,,,,,,,,,,,,,,,,,CACACACA,A,,,,ACTT,,,,,,TACAGA,,,,,,,,,
FJ159130/Russia_Volgograd/2005/4/mosquito,,,,,,,,,,,,,,,,,,,,CACACACA,A,,,,ACTT,,,,,,TACATA,,,,,,,,,
FJ159131/Russia_Volgograd/2005/4/mosquito,,,,,,,,,,,,,,,,,,,,CACACACA,A,,,,ACTT,,,,,,TATAGA,,,,,,,,,
KX394382/Australia_/2011/1b_kunjin/mosquito,,,,,,,,,,,,,,,,,,,,,,,T,,,,,,,,,,,,,,,,,
JX123030/Australia_/2011/1b_kunjin/ungulate,,,,,,,,,,,,,,,,,,,,,,,T,,,,,,,,,,,,,,,,,
JX123031/Australia_/2011/1b_kunjin/ungulate,,,,,,,,,,,,,,,,,,,,,,,T,,,,,,,,,,,,,,,,,
GQ851603/Australia_/1991/1b_kunjin/mosquito,,,,,,,,,,,,,,,,,,,,,,,T,,,,,,,,,,,,,,,,,
KX394395/Australia_/1999/1b_kunjin/mosquito,,,,,,,,,,,,,,,,,,,,,,,T,,,,,,,,,,,,,,,,,
KX394381/Australia_/1975/1b_kunjin/unknown,,,,,,,,,,,,,,,,,,,,,,,T,,,,,,,,,,,,,,,,,
KX394383/Australia_/1972/1b_kunjin/mosquito,,,,,,,,,,,,,,,,,,,,,,,T,,,,,,,,,,,,,,,,,
KX394384/Australia_/1974/1b_kunjin/mosquito,,,,,,,,,,,,,,,,,,,,,,,T,,,,,,,,,,,,,,,,,
KX394390/Australia_/1974/1b_kunjin/mosquito,,,,,,,,,,,,,,,,,,,,,,,T,,,,,,,,,,,,,,,,,
KX394391/Australia_/1974/1b_kunjin/mosquito,,,,,,,,,,,,,,,,,,,,,,,T,,,,,,,,,,,,,,,,,
KX394387/Australia_/1974/1b_kunjin/mosquito,,,,,,,,,,,,,,,,,,,,,,,T,,,,,,,,,,,,,,,,,
KX394388/Australia_/1974/1b_kunjin/mosquito,,,,,,,,,,,,,,,,,,,,,,,T,,,,,,,,,,,,,,,,,
KX394411/Australia_/1978/1b_kunjin/unknown,,,,,,,,,,,,,,,,,,,,,,,T,,,,,,,,,,,,,,,,,
KX394389/Australia_/1974/1b_kunjin/mosquito,,,,,,,,,,,,,,,,,,,,,,,T,,,,,,,,,,,,,,,,,
KX394385/Australia_/1974/1b_kunjin/mosquito,,,,,,,,,,,,,,,,,,,,,,,T,,,,,,,,,,,,,,,,,
KX394386/Australia_/1974/1b_kunjin/mosquito,,,,,,,,,,,,,,,,,,,,,,,T,,,,,,,,,,,,,,,,,
KX394394/Australia_/1978/1b_kunjin/mosquito,,,,,,,,,,,,,,,,,,,,,,,T,,,,,,,,,,,,,,,,,
KX394392/Australia_/1963/1b_kunjin/unknown,,,,,,,,,,,,,,,,,,,,,,,T,,,,,,,,,,,,,,,,,
KX394393/Australia_/1963/1b_kunjin/unknown,,,,,,,,,,,,,,,,,,,,,,,T,,,,,,,,,,,,,,,,,
KX394407/Australia_/1963/1b_kunjin/mosquito,,,,,,,,,,,,,,,,,,,,,,,T,,,,,,,,,,,,,,,,,
KX394406/Australia_/1963/1b_kunjin/mosquito,,,,,,,,,,,,,,,,,,,,,,,T,,,,,,,,,,,,,,,,,
KX394403/Australia_/1963/1b_kunjin/mosquito,,,,,,,,,,,,,,,,,,,,,,,T,,,,,,,,,,,,,,,,,
KX394405/Australia_/1963/1b_kunjin/mosquito,,,,,,,,,,,,,,,,,,,,,,,T,,,,,,,,,,,,,,,,,
KX394408/Australia_/1963/1b_kunjin/mosquito,,,,,,,,,,,,,,,,,,,,,,,T,,,,,,,,,,,,,,,,,
KX394409/Australia_/1963/1b_kunjin/mosquito,,,,,,,,,,,,,,,,,,,,,,,T,,,,,,,,,,,,,,,,,
KX394404/Australia_/1963/1b_kunjin/mosquito,,,,,,,,,,,,,,,,,,,,,,,T,,,,,,,,,,,,,,,,,
KX394410/Australia_/1965/1b_kunjin/bird,,,,,,,,,,,,,,,,,,,,,,,T,,,,,,,,,,,,,,,,,
ON813210/Senegal_Barkedjiregion/2013/1a/mosquito,,,,,,,,,,,,,,,,,,,,,,,,G,,,,,,,,,,,,,,,,
ON813211/Senegal_Barkedjiregion/2016/1a/mosquito,,,,,,,,,,,,,,,,,,,,,,,,G,,,,,,,,,,,,,,,,
ON813212/Senegal_Barkedjiregion/2016/1a/mosquito,,,,,,,,,,,,,,,,,,,,,,,,G,,,,,,,,,,,,,,,,
ON813213/Senegal_Barkedjiregion/2016/1a/mosquito,,,,,,,,,,,,,,,,,,,,,,,,G,,,,,,,,,,,,,,,,
JF719066/Italy_/2008/1a/bird,,,,,,,,,,,,,,,,,,,,,,,,G,,,,,,,,,,,,,,,,
KU573077/Italy_/2008/1a/bird,,,,,,,,,,,,,,,,,,,,,,,,G,,,,,,,,,,,,,,,,
FJ483548/Italy_Bologna/2008/1a/bird,,,,,,,,,,,,,,,,,,,,,,,,G,,,,,,,,,,,,,,,,
FJ483549/Italy_Bologna/2008/1a/bird,,,,,,,,,,,,,,,,,,,,,,,,G,,,,,,,,,,,,,,,,
JF719065/Italy_/2008/1a/bird,,,,,,,,,,,,,,,,,,,,,,,,G,,,,,,,,,,,,,,,,
GU011992/Italy_Bologna/2009/1a/human,,,,,,,,,,,,,,,,,,,,,,,,G,,,,,,,,,,,,,,,,
JF719067/Italy_/2009/1a/bird,,,,,,,,,,,,,,,,,,,,,,,,G,,,,,,,,,,,,,,,,
JF719068/Italy_/2009/1a/bird,,,,,,,,,,,,,,,,,,,,,,,,G,,,,,,,,,,,,,,,,
KF234080/Italy_Bologna/2009/1a/human,,,,,,,,,,,,,,,,,,,,,,,,G,,,,,,,,,,,,,,,,
KU573078/Italy_/2009/1a/mosquito,,,,,,,,,,,,,,,,,,,,,,,,G,,,,,,,,,,,,,,,,
KU573079/Italy_/2009/1a/bird,,,,,,,,,,,,,,,,,,,,,,,,G,,,,,,,,,,,,,,,,
KU978770/India_/1988/1c_5/human,,,,,,,,,,,,,,,,,,,,,,,,A,TATGCATGTAGGTTAGTGTTG,G,,,,,,,,,A,,,,,
DQ256376/India_/1980/1c_5/human,,,,,,,,,,,,,,,,,,,,,,,,A,TATGCATGTAGGTTAGTGTTG,G,,G,,,,,,,,,,,,
GQ851604/India_/1957/1c_5/unknown,,,,,,,,,,,,,,,,,,,,,,,,A,TATGTGTGTAGGTTAGTGTTG,G,,,,,,,,,,,,,,
JX041632/India_/1955/1c_5/mosquito,,,,,,,,,,,,,,,,,,,,,,,,A,TATGTATGTAGGTTAGTGTTG,G,,,,,,,,,A,,,,,
GQ851605/India_/1957/1c_5/mosquito,,,,,,,,,,,,,,,,,,,,,,,,A,TATGCATGTAGGTTAGTGTTG,G,,,,,,,,,A,,,,,
OP734262/Italy_Veneto/2022/1a/mosquito,,,,,,,,,,,,,,,,,,,,,,,,,R,,,,,,,,,,,,,,,
HQ671715/USA_Connecticut/2001/1a/mosquito,,,,,,,,,,,,,,,,,,,,,,,,,,A,,,,,,,,,,,,,,
JF920744/USA_Connecticut/2007/1a/mosquito,,,,,,,,,,,,,,,,,,,,,,,,,,A,,,,,,,,,,,,,,
KJ501270/USA_NA/2002/1a/bird,,,,,,,,,,,,,,,,,,,,,,,,,,,,,,,,,,,,,C,,,
KJ501375/USA_NA/2002/1a/bird,,,,,,,,,,,,,,,,,,,,,,,,,,,,,,,,,,,,,C,,,
KJ501427/USA_NA/2002/1a/bird,,,,,,,,,,,,,,,,,,,,,,,,,,,,,,,,,,,,,C,,,
KJ501287/USA_NA/2002/1a/bird,,,,,,,,,,,,,,,,,,,,,,,,,,,,,,,,,,,,,C,,,
KJ501320/USA_NA/2003/1a/bird,,,,,,,,,,,,,,,,,,,,,,,,,,,,,,,,,,,,,,,,AACA
KJ501114/USA_NA/2007/1a/mosquito,,,,,,,,,,,,,,,,,,,,,,,,,,,,,,,,,,,,,,,,AACA
KJ501124/USA_NA/2010/1a/mosquito,,,,,,,,,,,,,,,,,,,,,,,,,,,,,,,,,,,,,,,,AACA
KJ501134/USA_NA/2010/1a/mosquito,,,,,,,,,,,,,,,,,,,,,,,,,,,,,,,,,,,,,,,,AA
KJ501142/USA_NA/2011/1a/mosquito,,,,,,,,,,,,,,,,,,,,,,,,,,,,,,,,,,,,,,,,AA
KJ501143/USA_NA/2011/1a/mosquito,,,,,,,,,,,,,,,,,,,,,,,,,,,,,,,,,,,,,,,,AA
KJ501116/USA_NA/2008/1a/mosquito,,,,,,,,,,,,,,,,,,,,,,,,,,,,,,,,,,,,,,,,AA
KJ501109/USA_NA/2008/1a/mosquito,,,,,,,,,,,,,,,,,,,,,,,,,,,,,,,,,,,,,,,,AA
KU978769/Mexico_/2003/1a/bird,,,,,,,,,,,,,,,,,,,,,,,,,,,,,,,,,,,,,,,,TGACTCGTGGGCTGCTCGGC
KJ501111/USA_NA/2009/1a/mosquito,,,,,,,,,,,,,,,,,,,,,,,,,,,,,,,,,,,,,,,,TCAAA
